State,Campaign name,Country,Status,Type,Targeting,Retailer,Portfolio name,Campaign bid strategy,Campaign start date,Campaign end date,Avg. time in budget,Campaign budget amount (converted),Campaign budget amount,Cost type,Impressions,Top-of-search impression share,Top-of-search bid adjustment,Clicks,CTR,Total cost (converted),Total cost,CPC (converted),CPC,Detail page views,Brand Store page views,Purchases,Sales (converted),Sales,ACOS,ROAS,Purchases (new to brand),Percent of purchases new to brand,Sales (new to brand) (converted),Sales (new to brand),Percent of sales new to brand,Long-term sales (converted),Long-term sales,Long-term ROAS,User reach,Household reach,Viewable impressions,CPM (converted),CPM,Viewable CPM (vCPM) (converted),Viewable CPM (vCPM),First quartile (video ad),Midpoint (video ad),Third quartile (video ad),Complete views (video ad),Unmutes (video ad),Viewable distribution,Viewable CTR (vCTR)
ENABLED,NM - SP - Auto - HLP  Audience - Multi - Offense - Jars - July 2025,United States,CAMPAIGN_STATUS_ENABLED,SP,AUTOMATIC,Amazon,Jars,Fixed bids,03/07/2025,,84.36483739837398,US$70.00,US$70.00,CPC,129538,<5%,0.91,588,0.0045,"US$2,552.58","US$2,552.58",US$4.34,US$4.34,0,0,55,"US$2,249.25","US$2,249.25",1.1349,0.8811672895658509,0,0,US$0.00,US$0.00,0,US$0.00,"US$3,207.18",0,,,0,US$19.71,US$19.71,US$0.00,US$0.00,0,0,0,0,0,0,0.0045
ENABLED,NM - SP - MMT - Branded - MDF - Multi - Jars,United States,CAMPAIGN_STATUS_ENABLED,SP,MANUAL,Amazon,Multi,Fixed bids,22/08/2024,,100,US$70.00,US$70.00,CPC,17212,54.58%,1.08,476,0.0277,US$969.82,US$969.82,US$2.04,US$2.04,0,0,165,"US$6,864.55","US$6,864.55",0.1413,7.078169144789753,0,0,US$0.00,US$0.00,0,US$0.00,"US$8,463.66",0,,,0,US$56.35,US$56.35,US$0.00,US$0.00,0,0,0,0,0,0,0.0277
ENABLED,NM - SP - Auto - All Products Test w/o Collagen - March 2026,United States,CAMPAIGN_STATUS_ENABLED,SP,AUTOMATIC,Amazon,,Fixed bids,02/03/2026,,88.66001157407408,US$70.00,US$70.00,CPC,146430,<5%,0.30,352,0.0024,US$649.57,US$649.57,US$1.85,US$1.85,0,0,41,"US$1,642.50","US$1,642.50",0.3955,2.528595840325138,0,0,US$0.00,US$0.00,0,US$0.00,"US$2,101.01",0,,,0,US$4.44,US$4.44,US$0.00,US$0.00,0,0,0,0,0,0,0.0024
PAUSED,NM - SBV - STR - PT 6 - Jars - Jan 2026,United States,CAMPAIGN_PAUSED,SB2,MANUAL,Amazon,Jars,Fixed bids,13/01/2026,,,US$70.00,US$70.00,CPC,20334,<5%,0,116,0.0057,US$511.83,US$511.83,US$4.41,US$4.41,215,5,20,US$829.00,US$829.00,0.6174,1.6196784088466876,8,0.4000,US$335.60,US$335.60,0.4048,"US$1,306.66","US$1,306.66",2.5529179610417523,20945,,3292,US$25.17,US$25.17,US$155.48,US$155.48,1399,635,421,312,5,0.1619,0.0057
PAUSED,NM - SP - Phrase - All Products Test w/o Collagen - March 2026,United States,CAMPAIGN_PAUSED,SP,MANUAL,Amazon,,Dynamic bidding (down only),02/03/2026,,93.27411265432099,US$70.00,US$70.00,CPC,65156,<5%,0.46,142,0.0022,US$465.91,US$465.91,US$3.28,US$3.28,0,0,5,US$144.75,US$144.75,3.2187,0.3106823206198622,0,0,US$0.00,US$0.00,0,US$0.00,US$248.70,0,,,0,US$7.15,US$7.15,US$0.00,US$0.00,0,0,0,0,0,0,0.0022
ENABLED,NM  - SP - 12 Pack - MMT - MDF - Branded - May 2025 - B0DY6K7RQH,United States,CAMPAIGN_STATUS_ENABLED,SP,MANUAL,Amazon,Sachets,Fixed bids,05/05/2025,,100,US$70.00,US$70.00,CPC,11250,34.21%,0.91,299,0.0266,US$457.55,US$457.55,US$1.53,US$1.53,0,0,112,"US$2,450.10","US$2,450.10",0.1867,5.354824609332315,0,0,US$0.00,US$0.00,0,US$0.00,"US$3,834.99",0,,,0,US$40.67,US$40.67,US$0.00,US$0.00,0,0,0,0,0,0,0.0266
PAUSED,AUTO TEST MARCH 17 26,United States,CAMPAIGN_PAUSED,SP,AUTOMATIC,Amazon,Stick Packs,Dynamic bidding (up and down),16/03/2026,01/09/2026,,US$100.00,US$100.00,CPC,41271,0,0.80,70,0.0017,US$420.10,US$420.10,US$6.00,US$6.00,0,0,4,US$139.80,US$139.80,3.0050,0.3327779100214235,0,0,US$0.00,US$0.00,0,US$0.00,US$221.68,0,,,0,US$10.18,US$10.18,US$0.00,US$0.00,0,0,0,0,0,0,0.0017
PAUSED,NM - SP - Citrus Salt - Exact - MDF - Offense - Harvest - Jars - Oct 2024,United States,CAMPAIGN_PAUSED,SP,MANUAL,Amazon,Jars,Fixed bids,17/10/2024,,100,US$150.00,US$150.00,CPC,2199,<5%,0.91,48,0.0218,US$276.98,US$276.98,US$5.77,US$5.77,0,0,6,US$180.70,US$180.70,1.5328,0.6523936746335475,0,0,US$0.00,US$0.00,0,US$0.00,US$312.19,0,,,0,US$125.96,US$125.96,US$0.00,US$0.00,0,0,0,0,0,0,0.0218
ENABLED,NM - SP - Auto - CAC  Audience - Multi - Offense - Jars - July 2025,United States,CAMPAIGN_STATUS_ENABLED,SP,AUTOMATIC,Amazon,Jars,Fixed bids,03/07/2025,,94.9164972899729,US$70.00,US$70.00,CPC,36748,<5%,0.91,82,0.0022,US$246.60,US$246.60,US$3.01,US$3.01,0,0,11,US$378.45,US$378.45,0.6516,1.5346715328467153,0,0,US$0.00,US$0.00,0,US$0.00,US$571.89,0,,,0,US$6.71,US$6.71,US$0.00,US$0.00,0,0,0,0,0,0,0.0022
ENABLED,NM - SP - STR - Phrase - Jars - Jan 2026,United States,CAMPAIGN_STATUS_ENABLED,SP,MANUAL,Amazon,Jars,Dynamic bidding (down only),12/01/2026,,100,US$70.00,US$70.00,CPC,10905,<5%,0.79,87,0.0080,US$244.49,US$244.49,US$2.81,US$2.81,0,0,14,US$521.95,US$521.95,0.4684,2.134852141191869,0,0,US$0.00,US$0.00,0,US$0.00,US$653.51,0,,,0,US$22.42,US$22.42,US$0.00,US$0.00,0,0,0,0,0,0,0.0080
ENABLED,NM - SP - Auto - PBP  Audience - Multi - Offense - Jars - July 2025,United States,CAMPAIGN_STATUS_ENABLED,SP,AUTOMATIC,Amazon,Jars,Fixed bids,03/07/2025,,98.25956978319783,US$150.00,US$150.00,CPC,49024,<5%,0.91,67,0.0014,US$187.10,US$187.10,US$2.79,US$2.79,0,0,6,US$191.70,US$191.70,0.9760,1.024585783003741,0,0,US$0.00,US$0.00,0,US$0.00,US$266.66,0,,,0,US$3.82,US$3.82,US$0.00,US$0.00,0,0,0,0,0,0,0.0014
PAUSED,NM - SP - Citrus Salt - BMM - Offense - Jars - Aug 2024,United States,CAMPAIGN_PAUSED,SP,MANUAL,Amazon,Jars,Fixed bids,02/08/2024,,100,US$150.00,US$150.00,CPC,2553,<5%,0.91,30,0.0118,US$160.59,US$160.59,US$5.35,US$5.35,0,0,3,US$110.85,US$110.85,1.4487,0.6902671399215393,0,0,US$0.00,US$0.00,0,US$0.00,US$178.69,0,,,0,US$62.90,US$62.90,US$0.00,US$0.00,0,0,0,0,0,0,0.0118
PAUSED,NM  - SP - GPT - 12 Pack - Exact - B0DY6K7RQH - Jan 2026,United States,CAMPAIGN_PAUSED,SP,MANUAL,Amazon,Sachets,Dynamic bidding (down only),13/01/2026,,99.58005871725383,US$150.00,US$150.00,CPC,9351,<5%,0.79,74,0.0079,US$128.38,US$128.38,US$1.73,US$1.73,0,0,3,US$34.85,US$34.85,3.6838,0.2714597289297398,0,0,US$0.00,US$0.00,0,US$0.00,US$103.71,0,,,0,US$13.73,US$13.73,US$0.00,US$0.00,0,0,0,0,0,0,0.0079
ENABLED,NM  - SP - 12 Pack - Phrase - MDF - B0DY6K7RQH - Sep 2025,United States,CAMPAIGN_STATUS_ENABLED,SP,MANUAL,Amazon,Sachets,Dynamic bidding (down only),30/09/2025,,100,US$70.00,US$70.00,CPC,5496,<5%,0.91,61,0.0111,US$126.73,US$126.73,US$2.08,US$2.08,0,0,15,US$362.25,US$362.25,0.3498,2.858439201451905,0,0,US$0.00,US$0.00,0,US$0.00,US$651.42,0,,,0,US$23.06,US$23.06,US$0.00,US$0.00,0,0,0,0,0,0,0.0111
ENABLED,NM - SBV - STR - PT 3 - Jars - Jan 2026,United States,CAMPAIGN_STATUS_ENABLED,SB2,MANUAL,Amazon,Jars,Fixed bids,13/01/2026,,,US$150.00,US$150.00,CPC,2554,<5%,0,26,0.0102,US$97.87,US$97.87,US$3.76,US$3.76,58,0,6,US$191.70,US$191.70,0.5105,1.958720752017983,2,0.3333,US$77.90,US$77.90,0.4064,US$296.10,US$296.10,3.0254419127413916,4597,,360,US$38.32,US$38.32,US$271.86,US$271.86,206,110,74,49,2,0.1410,0.0102
PAUSED,NM - SP - STR - PT 5 - Jars - Jan 2026,United States,CAMPAIGN_PAUSED,SP,MANUAL,Amazon,Jars,Dynamic bidding (down only),13/01/2026,,100,US$150.00,US$150.00,CPC,491,<5%,0.91,19,0.0387,US$92.17,US$92.17,US$4.85,US$4.85,0,0,2,US$47.90,US$47.90,1.9242,0.5196918737116198,0,0,US$0.00,US$0.00,0,US$0.00,US$68.83,0,,,0,US$187.72,US$187.72,US$0.00,US$0.00,0,0,0,0,0,0,0.0387
PAUSED,NM  - SP - GPT - 4 Pack - Exact - B0DJ3J2CKX - Jan 2026,United States,CAMPAIGN_PAUSED,SP,MANUAL,Amazon,Sachets,Dynamic bidding (down only),13/01/2026,,100,US$250.00,US$250.00,CPC,5181,<5%,0.79,63,0.0122,US$85.33,US$85.33,US$1.35,US$1.35,0,0,5,US$57.75,US$57.75,1.4776,0.6767842493847417,0,0,US$0.00,US$0.00,0,US$0.00,US$180.65,0,,,0,US$16.47,US$16.47,US$0.00,US$0.00,0,0,0,0,0,0,0.0122
PAUSED,NM - SP - Phrase 3 - MDF - Jars - Sep 2025,United States,CAMPAIGN_PAUSED,SP,MANUAL,Amazon,Jars,Dynamic bidding (down only),30/09/2025,,100,US$150.00,US$150.00,CPC,9235,<5%,0.91,17,0.0018,US$83.02,US$83.02,US$4.88,US$4.88,0,0,1,US$44.95,US$44.95,1.8469,0.5414357986027464,0,0,US$0.00,US$0.00,0,US$0.00,US$74.94,0,,,0,US$8.99,US$8.99,US$0.00,US$0.00,0,0,0,0,0,0,0.0018
ENABLED,NM - SB - HSA - Phrase - Branded - Stick Packs - Multi - Jan 2026,United States,CAMPAIGN_STATUS_ENABLED,SB2,MANUAL,Amazon,Stick Packs,Fixed bids,20/01/2026,,,US$70.00,US$70.00,CPC,8786,24.35%,0,36,0.0041,US$81.11,US$81.11,US$2.25,US$2.25,120,34,9,US$359.45,US$359.45,0.2257,4.4316360498089,6,0.6667,US$279.60,US$279.60,0.7779,US$420.63,US$420.63,5.185920355073356,11923,,727,US$9.23,US$9.23,US$111.57,US$111.57,0,0,0,0,0,0.0827,0.0041
ENABLED,NM  - SP - 4 Pack - Phrase 2 - MDF - B0DJ3J2CKX - Sep 2025,United States,CAMPAIGN_STATUS_ENABLED,SP,MANUAL,Amazon,Sachets,Dynamic bidding (down only),30/09/2025,,100,US$70.00,US$70.00,CPC,8866,<5%,0.91,61,0.0069,US$80.23,US$80.23,US$1.32,US$1.32,0,0,17,US$243.80,US$243.80,0.3291,3.038763554780006,0,0,US$0.00,US$0.00,0,US$0.00,US$524.66,0,,,0,US$9.05,US$9.05,US$0.00,US$0.00,0,0,0,0,0,0,0.0069
PAUSED,NM  - SP - 4 Pack - Auto - CAC  Audience - Offense - B0DJ3J2CKX - July 2025,United States,CAMPAIGN_PAUSED,SP,AUTOMATIC,Amazon,Sachets,Fixed bids,03/07/2025,,100,US$250.00,US$250.00,CPC,15262,<5%,0.91,102,0.0067,US$76.40,US$76.40,US$0.75,US$0.75,0,0,6,US$64.70,US$64.70,1.1808,0.8468586387434555,0,0,US$0.00,US$0.00,0,US$0.00,US$214.88,0,,,0,US$5.01,US$5.01,US$0.00,US$0.00,0,0,0,0,0,0,0.0067
ENABLED,MN - SP - Phrase - Branded - Test w/o Collagen - March 2026,United States,CAMPAIGN_STATUS_ENABLED,SP,MANUAL,Amazon,,Dynamic bidding (down only),02/03/2026,,100,US$70.00,US$70.00,CPC,2334,22.93%,0.46,49,0.0210,US$54.81,US$54.81,US$1.12,US$1.12,0,0,18,US$958.55,US$958.55,0.0572,17.48859697135559,0,0,US$0.00,US$0.00,0,US$0.00,"US$1,100.90",0,,,0,US$23.48,US$23.48,US$0.00,US$0.00,0,0,0,0,0,0,0.0210
ENABLED,NM - SB - HSA - BMM - Stick Packs - Multi - Mar 2026,United States,CAMPAIGN_STATUS_ENABLED,SB2,MANUAL,Amazon,Stick Packs,Fixed bids,05/03/2026,,,US$70.00,US$70.00,CPC,12754,<5%,0,25,0.0020,US$47.64,US$47.64,US$1.91,US$1.91,33,1,3,US$104.85,US$104.85,0.4544,2.2008816120906802,1,0.3333,US$34.95,US$34.95,0.3333,US$172.78,US$172.78,3.626784214945425,7186,,4305,US$3.74,US$3.74,US$11.07,US$11.07,0,0,0,0,0,0.3375,0.0020
ENABLED,NM - SBV - STR - PT 5 - Jars - Jan 2026,United States,CAMPAIGN_STATUS_ENABLED,SB2,MANUAL,Amazon,Jars,Fixed bids,13/01/2026,,,US$70.00,US$70.00,CPC,1874,<5%,0,13,0.0069,US$40.60,US$40.60,US$3.12,US$3.12,30,0,5,US$200.75,US$200.75,0.2022,4.944581280788178,3,0.6000,US$110.85,US$110.85,0.5522,US$295.94,US$295.94,7.289162561576355,10571,,259,US$21.66,US$21.66,US$156.76,US$156.76,120,52,33,23,1,0.1382,0.0069
ENABLED,NM  - SP - 4 Pack - Phrase 1 - B0DJ3J2CKX - Sep 2025,United States,CAMPAIGN_STATUS_ENABLED,SP,MANUAL,Amazon,Sachets,Dynamic bidding (down only),30/09/2025,,100,US$150.00,US$150.00,CPC,1808,<5%,0.91,25,0.0138,US$35.46,US$35.46,US$1.42,US$1.42,0,0,4,US$94.80,US$94.80,0.3741,2.673434856175973,0,0,US$0.00,US$0.00,0,US$0.00,US$160.08,0,,,0,US$19.61,US$19.61,US$0.00,US$0.00,0,0,0,0,0,0,0.0138
ENABLED,NM  - SP - STR - 12 Pack - PT 2 - B0DY6K7RQH - Jan 2026,United States,CAMPAIGN_STATUS_ENABLED,SP,MANUAL,Amazon,Sachets,Dynamic bidding (down only),13/01/2026,,100,US$70.00,US$70.00,CPC,1000,<5%,0.91,19,0.0190,US$35.39,US$35.39,US$1.86,US$1.86,0,0,5,US$109.75,US$109.75,0.3225,3.1011585193557507,0,0,US$0.00,US$0.00,0,US$0.00,US$189.82,0,,,0,US$35.39,US$35.39,US$0.00,US$0.00,0,0,0,0,0,0,0.0190
PAUSED,NM  - SP - STR - 12 Pack - PT - B0DY6K7RQH - Jan 2026,United States,CAMPAIGN_PAUSED,SP,MANUAL,Amazon,Sachets,Dynamic bidding (down only),13/01/2026,,100,US$150.00,US$150.00,CPC,1288,<5%,0.79,25,0.0194,US$29.81,US$29.81,US$1.19,US$1.19,0,0,1,US$14.95,US$14.95,1.9940,0.501509560550151,0,0,US$0.00,US$0.00,0,US$0.00,US$57.56,0,,,0,US$23.14,US$23.14,US$0.00,US$0.00,0,0,0,0,0,0,0.0194
ENABLED,NM - SB - BMM - Oct 2024 - Branded KWs - Multi,United States,CAMPAIGN_STATUS_ENABLED,SB2,MANUAL,Amazon,Multi,—,14/10/2024,,,US$70.00,US$70.00,CPC,1168,21.01%,0,13,0.0111,US$24.73,US$24.73,US$1.90,US$1.90,21,3,4,US$157.80,US$157.80,0.1567,6.380913869793773,2,0.5000,US$79.90,US$79.90,0.5063,US$251.86,US$251.86,10.184391427416093,4350,,274,US$21.17,US$21.17,US$90.26,US$90.26,0,0,0,0,0,0.2346,0.0111
ENABLED,NM - SP - Phrase - Branded - Stick Packs - Multi - Jan 2026,United States,CAMPAIGN_STATUS_ENABLED,SP,MANUAL,Amazon,Stick Packs,Fixed bids,20/01/2026,,100,US$70.00,US$70.00,CPC,567,21.57%,0.79,12,0.0212,US$24.03,US$24.03,US$2.00,US$2.00,0,0,8,US$322.50,US$322.50,0.0745,13.4207240948814,0,0,US$0.00,US$0.00,0,US$0.00,US$423.50,0,,,0,US$42.38,US$42.38,US$0.00,US$0.00,0,0,0,0,0,0,0.0212
PAUSED,NM - SB - HSA - PT 1 - Stick Packs - Multi - Jan 2026,United States,CAMPAIGN_PAUSED,SB2,MANUAL,Amazon,Stick Packs,Fixed bids,20/01/2026,,,US$150.00,US$150.00,CPC,6222,<5%,0,12,0.0019,US$23.89,US$23.89,US$1.99,US$1.99,9,1,1,US$29.95,US$29.95,0.7977,1.2536626203432397,0,0,US$0.00,US$0.00,0,US$53.63,US$53.63,2.244872331519464,6466,,960,US$3.84,US$3.84,US$24.89,US$24.89,0,0,0,0,0,0.1543,0.0019
PAUSED,NM  - SBV - STR - 12 Pack - Phrase - B0DY6K7RQH - Jan 2026,United States,CAMPAIGN_PAUSED,SB2,MANUAL,Amazon,Sachets,Fixed bids,15/01/2026,,,US$70.00,US$70.00,CPC,861,<5%,0,13,0.0151,US$23.38,US$23.38,US$1.80,US$1.80,16,0,1,US$19.95,US$19.95,1.1719,0.8532934131736528,1,1.0000,US$19.95,US$19.95,1.0000,US$77.87,US$77.87,3.330624465355005,1612,,224,US$27.15,US$27.15,US$104.37,US$104.37,57,20,12,9,0,0.2602,0.0151
PAUSED,NM  - SP - 4 Pack - Phrase 3 - MDF - B0DJ3J2CKX - Sep 2025,United States,CAMPAIGN_PAUSED,SP,MANUAL,Amazon,Sachets,Dynamic bidding (down only),30/09/2025,,100,US$150.00,US$150.00,CPC,774,<5%,0.91,14,0.0181,US$21.23,US$21.23,US$1.52,US$1.52,0,0,3,US$24.85,US$24.85,0.8543,1.1705134243994346,0,0,US$0.00,US$0.00,0,US$0.00,US$87.42,0,,,0,US$27.43,US$27.43,US$0.00,US$0.00,0,0,0,0,0,0,0.0181
PAUSED,NM - SP - STR - Exact 1 - Jars - Jan 2026,United States,CAMPAIGN_PAUSED,SP,MANUAL,Amazon,Jars,Dynamic bidding (down only),30/01/2026,,100,US$40.00,US$40.00,CPC,2941,<5%,0.79,6,0.0020,US$20.10,US$20.10,US$3.35,US$3.35,0,0,0,US$0.00,US$0.00,0,0,0,0,US$0.00,US$0.00,0,US$0.00,US$0.00,0,,,0,US$6.83,US$6.83,US$0.00,US$0.00,0,0,0,0,0,0,0.0020
PAUSED,NM  - SP - STR - 12 Pack - PT 4 - B0DY6K7RQH - Jan 2026,United States,CAMPAIGN_PAUSED,SP,MANUAL,Amazon,Sachets,Dynamic bidding (down only),13/01/2026,,100,US$40.00,US$40.00,CPC,774,<5%,0.91,10,0.0129,US$19.06,US$19.06,US$1.91,US$1.91,0,0,1,US$9.95,US$9.95,1.9156,0.5220356768100735,0,0,US$0.00,US$0.00,0,US$0.00,US$32.62,0,,,0,US$24.63,US$24.63,US$0.00,US$0.00,0,0,0,0,0,0,0.0129
PAUSED,NM  - SP - 12 Pack - BMM - MDF - Offense - May 2025 - B0DY6K7RQH,United States,CAMPAIGN_PAUSED,SP,MANUAL,Amazon,Sachets,Fixed bids,05/05/2025,,100,US$150.00,US$150.00,CPC,339,<5%,0.91,10,0.0295,US$18.71,US$18.71,US$1.87,US$1.87,0,0,0,US$0.00,US$0.00,0,0,0,0,US$0.00,US$0.00,0,US$0.00,US$0.00,0,,,0,US$55.19,US$55.19,US$0.00,US$0.00,0,0,0,0,0,0,0.0295
PAUSED,NM  - SP - STR - 4 Pack - PT 7 - B0DJ3J2CKX - Jan 2026,United States,CAMPAIGN_PAUSED,SP,MANUAL,Amazon,Sachets,Dynamic bidding (down only),13/01/2026,,100,US$15.00,US$15.00,CPC,314,<5%,0.91,16,0.0510,US$18.25,US$18.25,US$1.14,US$1.14,0,0,0,US$0.00,US$0.00,0,0,0,0,US$0.00,US$0.00,0,US$0.00,US$0.00,0,,,0,US$58.12,US$58.12,US$0.00,US$0.00,0,0,0,0,0,0,0.0510
PAUSED,NM - SB - HSA - Phrase 1 - Stick Packs - Multi - Mar 2026,United States,CAMPAIGN_PAUSED,SB2,MANUAL,Amazon,Stick Packs,Fixed bids,05/03/2026,,,US$20.00,US$20.00,CPC,6371,<5%,0,9,0.0014,US$17.06,US$17.06,US$1.90,US$1.90,6,0,0,US$0.00,US$0.00,0,0,0,0,US$0.00,US$0.00,0,US$8.84,US$8.84,0.5181711606096132,4657,,1582,US$2.68,US$2.68,US$10.78,US$10.78,0,0,0,0,0,0.2483,0.0014
PAUSED,NM  - SP - STR - 12 Pack - PT 5 - B0DY6K7RQH - Jan 2026,United States,CAMPAIGN_PAUSED,SP,MANUAL,Amazon,Sachets,Dynamic bidding (down only),13/01/2026,,100,US$150.00,US$150.00,CPC,119,<5%,0.91,5,0.0420,US$14.31,US$14.31,US$2.86,US$2.86,0,0,1,US$39.90,US$39.90,0.3586,2.788259958071279,0,0,US$0.00,US$0.00,0,US$0.00,US$39.90,0,,,0,US$120.25,US$120.25,US$0.00,US$0.00,0,0,0,0,0,0,0.0420
PAUSED,NM - SB - HSA - BMM 1 - Stick Packs - Multi - Mar 2026,United States,CAMPAIGN_PAUSED,SB2,MANUAL,Amazon,Stick Packs,Fixed bids,05/03/2026,,,US$20.00,US$20.00,CPC,6202,<5%,0,7,0.0011,US$13.94,US$13.94,US$1.99,US$1.99,7,0,0,US$0.00,US$0.00,0,0,0,0,US$0.00,US$0.00,0,US$10.59,US$10.59,0.7596843615494978,3992,,2604,US$2.25,US$2.25,US$5.35,US$5.35,0,0,0,0,0,0.4199,0.0011
PAUSED,NM - SB - HSA - PT 2 - Stick Packs - Multi - Jan 2026,United States,CAMPAIGN_PAUSED,SB2,MANUAL,Amazon,Stick Packs,Fixed bids,20/01/2026,,,US$40.00,US$40.00,CPC,2681,<5%,0,8,0.0030,US$13.84,US$13.84,US$1.73,US$1.73,8,0,0,US$0.00,US$0.00,0,0,0,0,US$0.00,US$0.00,0,US$19.08,US$19.08,1.3786127167630056,3492,,608,US$5.16,US$5.16,US$22.76,US$22.76,0,0,0,0,0,0.2268,0.0030
PAUSED,NM - SD - PT - Offense - Drink Ballast - Jars,United States,CAMPAIGN_PAUSED,SD,MANUAL,Amazon,Jars,Dynamic bidding (up and down),22/08/2024,,,US$35.00,US$35.00,CPC,3386,0,0,2,0.0006,US$13.82,US$13.82,US$6.91,US$6.91,7,0,0,US$0.00,US$0.00,0,0,0,0,US$0.00,US$0.00,0,US$16.91,US$16.91,1.223589001447178,5217,,0,US$4.08,US$4.08,US$0.00,US$0.00,0,0,0,0,0,0,0.0006
PAUSED,NM  - SBV - STR - 4 Pack - Phrase - B0DJ3J2CKX - Jan 2026,United States,CAMPAIGN_PAUSED,SB2,MANUAL,Amazon,Sachets,Fixed bids,15/01/2026,,,US$15.00,US$15.00,CPC,698,<5%,0,10,0.0143,US$12.67,US$12.67,US$1.27,US$1.27,21,0,0,US$0.00,US$0.00,0,0,0,0,US$0.00,US$0.00,0,US$27.24,US$27.24,2.1499605367008683,1665,,91,US$18.15,US$18.15,US$139.23,US$139.23,27,10,4,3,1,0.1304,0.0143
PAUSED,NM  - SBV - STR - 4 Pack - BMM - B0DJ3J2CKX - Jan 2026,United States,CAMPAIGN_PAUSED,SB2,MANUAL,Amazon,Sachets,Fixed bids,15/01/2026,,,US$40.00,US$40.00,CPC,145,<5%,0,6,0.0414,US$12.28,US$12.28,US$2.05,US$2.05,8,0,0,US$0.00,US$0.00,0,0,0,0,US$0.00,US$0.00,0,US$11.44,US$11.44,0.9315960912052117,139,,56,US$84.69,US$84.69,US$219.29,US$219.29,9,4,2,0,0,0.3862,0.0414
PAUSED,NM - SB - HSA - PT 3 - Stick Packs - Multi - Jan 2026,United States,CAMPAIGN_PAUSED,SB2,MANUAL,Amazon,Stick Packs,Fixed bids,20/01/2026,,,US$40.00,US$40.00,CPC,2735,<5%,0,7,0.0026,US$12.21,US$12.21,US$1.74,US$1.74,15,1,0,US$0.00,US$0.00,0,0,0,0,US$0.00,US$0.00,0,US$18.64,US$18.64,1.5266175266175268,3163,,568,US$4.46,US$4.46,US$21.50,US$21.50,0,0,0,0,0,0.2077,0.0026
ENABLED,NM  - SP - Exact - MDF - Business - Raspberry Salt - Offense - Jars - Jan 2025,United States,CAMPAIGN_STATUS_ENABLED,SP,MANUAL,Amazon,Jars,Fixed bids,31/01/2025,,100,US$150.00,US$150.00,CPC,44,<5%,0.91,5,0.1136,US$11.82,US$11.82,US$2.36,US$2.36,0,0,1,US$44.95,US$44.95,0.2630,3.8028764805414554,0,0,US$0.00,US$0.00,0,US$0.00,US$67.90,0,,,0,US$268.64,US$268.64,US$0.00,US$0.00,0,0,0,0,0,0,0.1136
ENABLED,PERPETUA TEST - Perpetua - SP - Manual - th07fl47,United States,CAMPAIGN_OUT_OF_BUDGET,SP,MANUAL,Amazon,,Dynamic bidding (down only),18/03/2026,,,US$33.33,US$33.33,CPC,1365,0,0,3,0.0022,US$11.76,US$11.76,US$3.92,US$3.92,0,0,0,US$0.00,US$0.00,0,0,0,0,US$0.00,US$0.00,0,US$0.00,US$0.00,0,,,0,US$8.62,US$8.62,US$0.00,US$0.00,0,0,0,0,0,0,0.0022
PAUSED,NM  - SP - STR - 4 Pack - PT - B0DJ3J2CKX - Jan 2026,United States,CAMPAIGN_PAUSED,SP,MANUAL,Amazon,Sachets,Dynamic bidding (down only),13/01/2026,,100,US$150.00,US$150.00,CPC,915,<5%,0.79,15,0.0164,US$11.55,US$11.55,US$0.77,US$0.77,0,0,2,US$14.90,US$14.90,0.7752,1.29004329004329,0,0,US$0.00,US$0.00,0,US$0.00,US$58.86,0,,,0,US$12.62,US$12.62,US$0.00,US$0.00,0,0,0,0,0,0,0.0164
PAUSED,NM  - SP - 12 Pack - Auto - PBP  Audience - MDF - Offense - B0DY6K7RQH - July 2025,United States,CAMPAIGN_PAUSED,SP,AUTOMATIC,Amazon,Sachets,Fixed bids,03/07/2025,,100,US$150.00,US$150.00,CPC,6168,<5%,0.91,26,0.0042,US$11.35,US$11.35,US$0.44,US$0.44,0,0,3,US$44.85,US$44.85,0.2531,3.9515418502202633,0,0,US$0.00,US$0.00,0,US$0.00,US$110.13,0,,,0,US$1.84,US$1.84,US$0.00,US$0.00,0,0,0,0,0,0,0.0042
ENABLED,NM - Pineapple Salt - Auto - Close - MDF - Jars - Aug 2024,United States,CAMPAIGN_STATUS_ENABLED,SP,AUTOMATIC,Amazon,Jars,Fixed bids,02/08/2024,,100,US$50.00,US$50.00,CPC,122,<5%,0.91,8,0.0656,US$11.06,US$11.06,US$1.38,US$1.38,0,0,0,US$0.00,US$0.00,0,0,0,0,US$0.00,US$0.00,0,US$0.00,US$0.00,0,,,0,US$90.66,US$90.66,US$0.00,US$0.00,0,0,0,0,0,0,0.0656
PAUSED,NM  - SP - GPT - 4 Pack - Phrase - B0DJ3J2CKX - Jan 2026,United States,CAMPAIGN_PAUSED,SP,MANUAL,Amazon,Sachets,Dynamic bidding (down only),13/01/2026,,100,US$15.00,US$15.00,CPC,791,<5%,0.79,12,0.0152,US$10.99,US$10.99,US$0.92,US$0.92,0,0,0,US$0.00,US$0.00,0,0,0,0,US$0.00,US$0.00,0,US$0.00,US$0.00,0,,,0,US$13.89,US$13.89,US$0.00,US$0.00,0,0,0,0,0,0,0.0152
PAUSED,NM - SP - Jars - Watermelon Salt - Auto - Close - Oct 2024 - Up down,United States,CAMPAIGN_PAUSED,SP,AUTOMATIC,Amazon,Jars,Dynamic bidding (up and down),17/10/2024,,,US$20.00,US$20.00,CPC,0,0,0,0,0,US$0.00,US$0.00,US$0.00,US$0.00,0,0,0,US$0.00,US$0.00,0,0,0,0,US$0.00,US$0.00,0,US$0.00,US$0.00,0,,,0,US$0.00,US$0.00,US$0.00,US$0.00,0,0,0,0,0,0,0
PAUSED,NM - SB - HSA - Exact - Stick Packs - Multi - Mar 2026,United States,CAMPAIGN_PAUSED,SB2,MANUAL,Amazon,Stick Packs,Fixed bids,05/03/2026,,,US$20.00,US$20.00,CPC,243,<5%,0,0,0,US$0.00,US$0.00,US$0.00,US$0.00,0,0,0,US$0.00,US$0.00,0,0,0,0,US$0.00,US$0.00,0,US$0.00,US$0.00,0,212,,19,US$0.00,US$0.00,US$0.00,US$0.00,0,0,0,0,0,0.0782,0
PAUSED,NM - SP - Phrase - Jars - Sep 2025,United States,CAMPAIGN_PAUSED,SP,MANUAL,Amazon,Jars,Dynamic bidding (down only),30/09/2025,,,US$100.00,US$100.00,CPC,0,0,2.43,0,0,US$0.00,US$0.00,US$0.00,US$0.00,0,0,0,US$0.00,US$0.00,0,0,0,0,US$0.00,US$0.00,0,US$0.00,US$0.00,0,,,0,US$0.00,US$0.00,US$0.00,US$0.00,0,0,0,0,0,0,0
PAUSED,NM - SBV - Jars - Grapefruit Salt - Exact - Boosting KWs - Offense - Apr 2025,United States,CAMPAIGN_PAUSED,SB2,MANUAL,Amazon,Jars,—,29/04/2025,,,US$1.00,US$1.00,CPC,0,0,0,0,0,US$0.00,US$0.00,US$0.00,US$0.00,0,0,0,US$0.00,US$0.00,0,0,0,0,US$0.00,US$0.00,0,US$0.00,US$0.00,0,,,0,US$0.00,US$0.00,US$0.00,US$0.00,0,0,0,0,0,0,0
PAUSED,NM - SP - Jars -Grapefruit Salt - Auto - Close - Oct 2024 - Up down,United States,CAMPAIGN_PAUSED,SP,AUTOMATIC,Amazon,Jars,Dynamic bidding (up and down),17/10/2024,,,US$100.00,US$100.00,CPC,0,0,0,0,0,US$0.00,US$0.00,US$0.00,US$0.00,0,0,0,US$0.00,US$0.00,0,0,0,0,US$0.00,US$0.00,0,US$0.00,US$0.00,0,,,0,US$0.00,US$0.00,US$0.00,US$0.00,0,0,0,0,0,0,0
PAUSED,NM  - SP - 4 Pack - Auto - HLP  Audience - Offense - B0DJ3J2CKX - July 2025,United States,CAMPAIGN_PAUSED,SP,AUTOMATIC,Amazon,Sachets,Fixed bids,03/07/2025,,,US$10.00,US$10.00,CPC,0,0,0,0,0,US$0.00,US$0.00,US$0.00,US$0.00,0,0,0,US$0.00,US$0.00,0,0,0,0,US$0.00,US$0.00,0,US$0.00,US$0.00,0,,,0,US$0.00,US$0.00,US$0.00,US$0.00,0,0,0,0,0,0,0
PAUSED,NM - SP - Jars - Pineapple Salt - PT - Offense - Oct 2024,United States,CAMPAIGN_PAUSED,SP,MANUAL,Amazon,Jars,Dynamic bidding (down only),17/10/2024,,,US$10.00,US$10.00,CPC,0,0,0,0,0,US$0.00,US$0.00,US$0.00,US$0.00,0,0,0,US$0.00,US$0.00,0,0,0,0,US$0.00,US$0.00,0,US$0.00,US$0.00,0,,,0,US$0.00,US$0.00,US$0.00,US$0.00,0,0,0,0,0,0,0
PAUSED,NM  - SP - 4 Pack - Phrase - B0DJ3J2CKX - Sep 2025,United States,CAMPAIGN_PAUSED,SP,MANUAL,Amazon,Sachets,Dynamic bidding (down only),30/09/2025,,,US$10.00,US$10.00,CPC,0,0,0,0,0,US$0.00,US$0.00,US$0.00,US$0.00,0,0,0,US$0.00,US$0.00,0,0,0,0,US$0.00,US$0.00,0,US$0.00,US$0.00,0,,,0,US$0.00,US$0.00,US$0.00,US$0.00,0,0,0,0,0,0,0
PAUSED,NM  - SP - 4 Pack - PT - Boosting - Offense - B0DJ3J2CKX - Apr 2025,United States,CAMPAIGN_PAUSED,SP,MANUAL,Amazon,Sachets,Dynamic bidding (down only),24/04/2025,,,US$20.00,US$20.00,CPC,0,0,0,0,0,US$0.00,US$0.00,US$0.00,US$0.00,0,0,0,US$0.00,US$0.00,0,0,0,0,US$0.00,US$0.00,0,US$0.00,US$0.00,0,,,0,US$0.00,US$0.00,US$0.00,US$0.00,0,0,0,0,0,0,0
PAUSED,NM - SP - Jars - Pineapple Salt - Auto - Loose - Offense - Oct 2024 - Up down,United States,CAMPAIGN_PAUSED,SP,AUTOMATIC,Amazon,Jars,Dynamic bidding (up and down),17/10/2024,,,US$20.00,US$20.00,CPC,0,0,0,0,0,US$0.00,US$0.00,US$0.00,US$0.00,0,0,0,US$0.00,US$0.00,0,0,0,0,US$0.00,US$0.00,0,US$0.00,US$0.00,0,,,0,US$0.00,US$0.00,US$0.00,US$0.00,0,0,0,0,0,0,0
ENABLED,PERPETUA TEST - Perpetua - SP - Competitor Manual - th07fl47,United States,CAMPAIGN_STATUS_ENABLED,SP,MANUAL,Amazon,,Dynamic bidding (down only),18/03/2026,,,US$25.00,US$25.00,CPC,3,0,0,0,0,US$0.00,US$0.00,US$0.00,US$0.00,0,0,0,US$0.00,US$0.00,0,0,0,0,US$0.00,US$0.00,0,US$0.00,US$0.00,0,,,0,US$0.00,US$0.00,US$0.00,US$0.00,0,0,0,0,0,0,0
PAUSED,NM - SP - Jars - Grapefruit Salt - Exact - MDF - Creatine & Collagen KWs - Offense - Mar 2025,United States,CAMPAIGN_PAUSED,SP,MANUAL,Amazon,Jars,Fixed bids,11/03/2025,,,US$100.00,US$100.00,CPC,0,0,1.00,0,0,US$0.00,US$0.00,US$0.00,US$0.00,0,0,0,US$0.00,US$0.00,0,0,0,0,US$0.00,US$0.00,0,US$0.00,US$0.00,0,,,0,US$0.00,US$0.00,US$0.00,US$0.00,0,0,0,0,0,0,0
PAUSED,NM - SP - Jars - BMM - Offense - Drink Ballast - Multi,United States,CAMPAIGN_PAUSED,SP,MANUAL,Amazon,Multi,Dynamic bidding (down only),22/08/2024,,,US$50.00,US$50.00,CPC,0,0,0,0,0,US$0.00,US$0.00,US$0.00,US$0.00,0,0,0,US$0.00,US$0.00,0,0,0,0,US$0.00,US$0.00,0,US$0.00,US$0.00,0,,,0,US$0.00,US$0.00,US$0.00,US$0.00,0,0,0,0,0,0,0
PAUSED,NM - Jars - Auto - Offense - August 2024 -  Up Down - Multi,United States,CAMPAIGN_PAUSED,SP,AUTOMATIC,Amazon,Multi,Dynamic bidding (up and down),02/08/2024,,,US$20.00,US$20.00,CPC,0,0,0,0,0,US$0.00,US$0.00,US$0.00,US$0.00,0,0,0,US$0.00,US$0.00,0,0,0,0,US$0.00,US$0.00,0,US$0.00,US$0.00,0,,,0,US$0.00,US$0.00,US$0.00,US$0.00,0,0,0,0,0,0,0
ENABLED,Perpetua Branded,United States,CAMPAIGN_STATUS_ENABLED,SB2,MANUAL,Amazon,,—,18/03/2026,,,US$50.00,US$50.00,CPC,6,0,0,0,0,US$0.00,US$0.00,US$0.00,US$0.00,0,0,0,US$0.00,US$0.00,0,0,0,0,US$0.00,US$0.00,0,US$0.00,US$0.00,0,3,,0,US$0.00,US$0.00,US$0.00,US$0.00,0,0,0,0,0,0,0
PAUSED,NM - SBV - Jars - Raspberry Salt - Exact - Offense - May 2025,United States,CAMPAIGN_PAUSED,SB2,MANUAL,Amazon,Jars,—,05/05/2025,,,US$1.00,US$1.00,CPC,0,0,0,0,0,US$0.00,US$0.00,US$0.00,US$0.00,0,0,0,US$0.00,US$0.00,0,0,0,0,US$0.00,US$0.00,0,US$0.00,US$0.00,0,,,0,US$0.00,US$0.00,US$0.00,US$0.00,0,0,0,0,0,0,0
PAUSED,NM - SB - BMM - Offense - Oct 2024 - Lmnt KWs - Multi,United States,CAMPAIGN_PAUSED,SB2,MANUAL,Amazon,Multi,—,14/10/2024,,,US$1.00,US$1.00,CPC,0,0,0,0,0,US$0.00,US$0.00,US$0.00,US$0.00,0,0,0,US$0.00,US$0.00,0,0,0,0,US$0.00,US$0.00,0,US$0.00,US$0.00,0,,,0,US$0.00,US$0.00,US$0.00,US$0.00,0,0,0,0,0,0,0
PAUSED,NM - SB - Exact - Oct 2024 - Electrolyte KWs - Multi,United States,CAMPAIGN_PAUSED,SB2,MANUAL,Amazon,Multi,—,14/10/2024,,,US$1.00,US$1.00,CPC,0,0,0,0,0,US$0.00,US$0.00,US$0.00,US$0.00,0,0,0,US$0.00,US$0.00,0,0,0,0,US$0.00,US$0.00,0,US$0.00,US$0.00,0,,,0,US$0.00,US$0.00,US$0.00,US$0.00,0,0,0,0,0,0,0
PAUSED,NM - SB - Exact - Offense - Oct 2024 - General KWs - Multi,United States,CAMPAIGN_PAUSED,SB2,MANUAL,Amazon,Multi,—,14/10/2024,,,US$10.00,US$10.00,CPC,0,0,0,0,0,US$0.00,US$0.00,US$0.00,US$0.00,0,0,0,US$0.00,US$0.00,0,0,0,0,US$0.00,US$0.00,0,US$0.00,US$0.00,0,,,0,US$0.00,US$0.00,US$0.00,US$0.00,0,0,0,0,0,0,0
PAUSED,NM - SB - Exact - Offense - Oct 2024 - Lmnt KWs - Multi,United States,CAMPAIGN_PAUSED,SB2,MANUAL,Amazon,Multi,—,14/10/2024,,,US$10.00,US$10.00,CPC,0,0,0,0,0,US$0.00,US$0.00,US$0.00,US$0.00,0,0,0,US$0.00,US$0.00,0,0,0,0,US$0.00,US$0.00,0,US$0.00,US$0.00,0,,,0,US$0.00,US$0.00,US$0.00,US$0.00,0,0,0,0,0,0,0
PAUSED,NM  - SBV - 4 Pack - BMM - Boosting KWs - Offense - B0DJ3J2CKX - Apr 2025,United States,CAMPAIGN_PAUSED,SB2,MANUAL,Amazon,Sachets,—,29/04/2025,,,US$35.00,US$35.00,CPC,0,0,0,0,0,US$0.00,US$0.00,US$0.00,US$0.00,0,0,0,US$0.00,US$0.00,0,0,0,0,US$0.00,US$0.00,0,US$0.00,US$0.00,0,3493,,0,US$0.00,US$0.00,US$0.00,US$0.00,0,0,0,0,0,0,0
PAUSED,NM - SD - 4 Pack  - Purchase Remarketing - Advertise Products - B0DJ3J2CKX - Mar 2025,United States,CAMPAIGN_PAUSED,SD,MANUAL,Amazon,Sachets,Dynamic bidding (up and down),06/03/2025,,,US$35.00,US$35.00,CPC,0,0,0,0,0,US$0.00,US$0.00,US$0.00,US$0.00,0,0,0,US$0.00,US$0.00,0,0,0,0,US$0.00,US$0.00,0,US$0.00,US$0.00,0,372,,0,US$0.00,US$0.00,US$0.00,US$0.00,0,0,0,0,0,0,0
PAUSED,NM - SD - CAT - Offense - Jars,United States,CAMPAIGN_PAUSED,SD,MANUAL,Amazon,Jars,Dynamic bidding (up and down),22/08/2024,,,US$35.00,US$35.00,CPC,0,0,0,0,0,US$0.00,US$0.00,US$0.00,US$0.00,0,0,0,US$0.00,US$0.00,0,0,0,0,US$0.00,US$0.00,0,US$0.00,US$0.00,0,1483,,0,US$0.00,US$0.00,US$0.00,US$0.00,0,0,0,0,0,0,0
PAUSED,NM - SD - 4 Pack  - Views Remarketing - Advertise Products - B0DJ3J2CKX - Mar 2025,United States,CAMPAIGN_PAUSED,SD,MANUAL,Amazon,Sachets,Dynamic bidding (up and down),06/03/2025,,,US$35.00,US$35.00,CPC,0,0,0,0,0,US$0.00,US$0.00,US$0.00,US$0.00,0,0,0,US$0.00,US$0.00,0,0,0,0,US$0.00,US$0.00,0,US$0.00,US$0.00,0,360,,0,US$0.00,US$0.00,US$0.00,US$0.00,0,0,0,0,0,0,0
PAUSED,NM - SD - PT - Offense - Liquid IV - Jars,United States,CAMPAIGN_PAUSED,SD,MANUAL,Amazon,Jars,Dynamic bidding (up and down),22/08/2024,,,US$15.00,US$15.00,CPC,0,0,0,0,0,US$0.00,US$0.00,US$0.00,US$0.00,0,0,0,US$0.00,US$0.00,0,0,0,0,US$0.00,US$0.00,0,US$0.00,US$0.00,0,26792,,0,US$0.00,US$0.00,US$0.00,US$0.00,0,0,0,0,0,0,0
ARCHIVED,NM  - SBV - STR - 12 Pack - Phrase - B0DY6K7RQH - Jan 2026,United States,CAMPAIGN_ARCHIVED,SP,MANUAL,Amazon,Sachets,Dynamic bidding (down only),15/01/2026,,,US$40.00,US$40.00,CPC,0,0,0,0,0,US$0.00,US$0.00,US$0.00,US$0.00,0,0,0,US$0.00,US$0.00,0,0,0,0,US$0.00,US$0.00,0,US$0.00,US$0.00,0,,,0,US$0.00,US$0.00,US$0.00,US$0.00,0,0,0,0,0,0,0
ARCHIVED,NM  - SBV - STR - 12 Pack - Exact - B0DY6K7RQH - Jan 2026,United States,CAMPAIGN_ARCHIVED,SP,MANUAL,Amazon,Sachets,Dynamic bidding (down only),15/01/2026,,,US$40.00,US$40.00,CPC,0,0,0,0,0,US$0.00,US$0.00,US$0.00,US$0.00,0,0,0,US$0.00,US$0.00,0,0,0,0,US$0.00,US$0.00,0,US$0.00,US$0.00,0,,,0,US$0.00,US$0.00,US$0.00,US$0.00,0,0,0,0,0,0,0
ENABLED,NM - SP - Exact - MDF - Offense - Jars - Aug 2024,United States,CAMPAIGN_STATUS_ENABLED,SP,MANUAL,Amazon,Jars,Fixed bids,22/08/2024,,100,US$250.00,US$250.00,CPC,3,<5%,0.91,0,0,US$0.00,US$0.00,US$0.00,US$0.00,0,0,0,US$0.00,US$0.00,0,0,0,0,US$0.00,US$0.00,0,US$0.00,US$0.00,0,,,0,US$0.00,US$0.00,US$0.00,US$0.00,0,0,0,0,0,0,0
PAUSED,NM - SD - 4 Pack  - Views Remarketing - Similar to Advertise Products - B0DJ3J2CKX - Mar 2025,United States,CAMPAIGN_PAUSED,SD,MANUAL,Amazon,Sachets,Dynamic bidding (up and down),06/03/2025,,,US$10.00,US$10.00,CPC,0,0,0,0,0,US$0.00,US$0.00,US$0.00,US$0.00,0,0,0,US$0.00,US$0.00,0,0,0,0,US$0.00,US$0.00,0,US$0.00,US$0.00,0,,,0,US$0.00,US$0.00,US$0.00,US$0.00,0,0,0,0,0,0,0
PAUSED,NM - SD - Jars  - CAT - Offense - Oct 2024,United States,CAMPAIGN_PAUSED,SD,MANUAL,Amazon,Jars,Dynamic bidding (up and down),14/10/2024,,,US$10.00,US$10.00,CPC,0,0,0,0,0,US$0.00,US$0.00,US$0.00,US$0.00,0,0,0,US$0.00,US$0.00,0,0,0,0,US$0.00,US$0.00,0,US$0.00,US$0.00,0,5428,,0,US$0.00,US$0.00,US$0.00,US$0.00,0,0,0,0,0,0,0
PAUSED,NM - SD - Jars  - Views Remarketing - Advertise Products - Oct 2024 - Multi,United States,CAMPAIGN_PAUSED,SD,MANUAL,Amazon,Multi,Dynamic bidding (up and down),14/10/2024,,,US$100.00,US$100.00,CPC,0,0,0,0,0,US$0.00,US$0.00,US$0.00,US$0.00,0,0,0,US$0.00,US$0.00,0,0,0,0,US$0.00,US$0.00,0,US$0.00,US$0.00,0,751,,0,US$0.00,US$0.00,US$0.00,US$0.00,0,0,0,0,0,0,0
PAUSED,NM - SD  - PT - Offense - Oct 2024 - Similar - Multi,United States,CAMPAIGN_PAUSED,SD,MANUAL,Amazon,Multi,Dynamic bidding (up and down),15/10/2024,,,US$10.00,US$10.00,CPC,0,0,0,0,0,US$0.00,US$0.00,US$0.00,US$0.00,0,0,0,US$0.00,US$0.00,0,0,0,0,US$0.00,US$0.00,0,US$0.00,US$0.00,0,25639,,0,US$0.00,US$0.00,US$0.00,US$0.00,0,0,0,0,0,0,0
PAUSED,NM - SD - Jars - Views Remarketing - Similar to Advertise Product - Oct 2024,United States,CAMPAIGN_PAUSED,SD,MANUAL,Amazon,Jars,Dynamic bidding (up and down),15/10/2024,,,US$100.00,US$100.00,CPC,0,0,0,0,0,US$0.00,US$0.00,US$0.00,US$0.00,0,0,0,US$0.00,US$0.00,0,0,0,0,US$0.00,US$0.00,0,US$0.00,US$0.00,0,398,,0,US$0.00,US$0.00,US$0.00,US$0.00,0,0,0,0,0,0,0
ENABLED,PERPETUA TEST - Perpetua - SP - Branded Pat - th07fl47,United States,CAMPAIGN_STATUS_ENABLED,SP,MANUAL,Amazon,,Dynamic bidding (down only),18/03/2026,,,US$23.54,US$23.54,CPC,2,0,0,0,0,US$0.00,US$0.00,US$0.00,US$0.00,0,0,0,US$0.00,US$0.00,0,0,0,0,US$0.00,US$0.00,0,US$0.00,US$0.00,0,,,0,US$0.00,US$0.00,US$0.00,US$0.00,0,0,0,0,0,0,0
ENABLED,PERPETUA - STICKS - Perpetua - SP - Branded Pat - tzm4t6x8,United States,CAMPAIGN_STATUS_ENABLED,SP,MANUAL,Amazon,,Dynamic bidding (down only),18/03/2026,,,US$24.62,US$24.62,CPC,0,0,0,0,0,US$0.00,US$0.00,US$0.00,US$0.00,0,0,0,US$0.00,US$0.00,0,0,0,0,US$0.00,US$0.00,0,US$0.00,US$0.00,0,,,0,US$0.00,US$0.00,US$0.00,US$0.00,0,0,0,0,0,0,0
PAUSED,NM - SD - PT - Offense - LMNT - Multi,United States,CAMPAIGN_PAUSED,SD,MANUAL,Amazon,Multi,Dynamic bidding (up and down),22/08/2024,,,US$1.00,US$1.00,CPC,0,0,0,0,0,US$0.00,US$0.00,US$0.00,US$0.00,0,0,0,US$0.00,US$0.00,0,0,0,0,US$0.00,US$0.00,0,US$0.00,US$0.00,0,,,0,US$0.00,US$0.00,US$0.00,US$0.00,0,0,0,0,0,0,0
PAUSED,NM - SD - Jars - PT Harvest - Offense - Multi,United States,CAMPAIGN_PAUSED,SD,MANUAL,Amazon,Multi,Dynamic bidding (up and down),16/08/2024,,,US$1.00,US$1.00,CPC,0,0,0,0,0,US$0.00,US$0.00,US$0.00,US$0.00,0,0,0,US$0.00,US$0.00,0,0,0,0,US$0.00,US$0.00,0,US$0.00,US$0.00,0,,,0,US$0.00,US$0.00,US$0.00,US$0.00,0,0,0,0,0,0,0
PAUSED,NM - SP - Watermelon Salt - BMM - Offense - LMNT - Jars - Aug 2024,United States,CAMPAIGN_PAUSED,SP,MANUAL,Amazon,Jars,Fixed bids,22/08/2024,,100,US$100.00,US$100.00,CPC,81,0,0.91,0,0,US$0.00,US$0.00,US$0.00,US$0.00,0,0,0,US$0.00,US$0.00,0,0,0,0,US$0.00,US$0.00,0,US$0.00,US$0.00,0,,,0,US$0.00,US$0.00,US$0.00,US$0.00,0,0,0,0,0,0,0
PAUSED,NM - SP - Raspberry Salt - STR PT - Offense - Harvest - Aug 2024,United States,CAMPAIGN_PAUSED,SP,MANUAL,Amazon,Jars,Fixed bids,16/08/2024,,,US$10.00,US$10.00,CPC,0,0,0.53,0,0,US$0.00,US$0.00,US$0.00,US$0.00,0,0,0,US$0.00,US$0.00,0,0,0,0,US$0.00,US$0.00,0,US$0.00,US$0.00,0,,,0,US$0.00,US$0.00,US$0.00,US$0.00,0,0,0,0,0,0,0
PAUSED,NM - SP - Jars - Grapefruit Salt - Auto - Loose - Sep 2024 -  Up Down,United States,CAMPAIGN_PAUSED,SP,AUTOMATIC,Amazon,Jars,Dynamic bidding (up and down),10/09/2024,,,US$1.00,US$1.00,CPC,0,0,0,0,0,US$0.00,US$0.00,US$0.00,US$0.00,0,0,0,US$0.00,US$0.00,0,0,0,0,US$0.00,US$0.00,0,US$0.00,US$0.00,0,,,0,US$0.00,US$0.00,US$0.00,US$0.00,0,0,0,0,0,0,0
PAUSED,NM - SP - Jars - Citrus Salt - PT - Offense - Oct 2024,United States,CAMPAIGN_PAUSED,SP,MANUAL,Amazon,Jars,Fixed bids,17/10/2024,,,US$10.00,US$10.00,CPC,0,0,0.53,0,0,US$0.00,US$0.00,US$0.00,US$0.00,0,0,0,US$0.00,US$0.00,0,0,0,0,US$0.00,US$0.00,0,US$0.00,US$0.00,0,,,0,US$0.00,US$0.00,US$0.00,US$0.00,0,0,0,0,0,0,0
PAUSED,NM  - SBV - 4 Pack - Exact - Boosting KWs - Offense - B0DJ3J2CKX - Apr 2025,United States,CAMPAIGN_PAUSED,SB2,MANUAL,Amazon,Sachets,—,29/04/2025,,,US$35.00,US$35.00,CPC,49,0,0,0,0,US$0.00,US$0.00,US$0.00,US$0.00,0,0,0,US$0.00,US$0.00,0,0,0,0,US$0.00,US$0.00,0,US$0.00,US$0.00,0,8266,,4,US$0.00,US$0.00,US$0.00,US$0.00,1,1,1,1,0,0.0816,0
PAUSED,NM - SP - 3 Pack - PWG - Auto - Subs - Oct 2024,United States,CAMPAIGN_PAUSED,SP,AUTOMATIC,Amazon,Sachets,Dynamic bidding (down only),17/10/2024,,,US$2.00,US$2.00,CPC,0,0,0,0,0,US$0.00,US$0.00,US$0.00,US$0.00,0,0,0,US$0.00,US$0.00,0,0,0,0,US$0.00,US$0.00,0,US$0.00,US$0.00,0,,,0,US$0.00,US$0.00,US$0.00,US$0.00,0,0,0,0,0,0,0
PAUSED,NM - SP - Phrase - Jars - Oct 2025,United States,CAMPAIGN_PAUSED,SP,MANUAL,Amazon,Jars,Dynamic bidding (down only),30/10/2025,,,US$35.00,US$35.00,CPC,0,0,2.43,0,0,US$0.00,US$0.00,US$0.00,US$0.00,0,0,0,US$0.00,US$0.00,0,0,0,0,US$0.00,US$0.00,0,US$0.00,US$0.00,0,,,0,US$0.00,US$0.00,US$0.00,US$0.00,0,0,0,0,0,0,0
PAUSED,NM  - SP - Group KWs - Considered by Shoppers - MDF - Multi - Offense - Feb 2025,United States,CAMPAIGN_PAUSED,SP,MANUAL,Amazon,Multi,Dynamic bidding (down only),18/02/2025,,,US$10.00,US$10.00,CPC,0,0,1.00,0,0,US$0.00,US$0.00,US$0.00,US$0.00,0,0,0,US$0.00,US$0.00,0,0,0,0,US$0.00,US$0.00,0,US$0.00,US$0.00,0,,,0,US$0.00,US$0.00,US$0.00,US$0.00,0,0,0,0,0,0,0
PAUSED,NM - SP - Jars - Watermelon Salt - Auto - Subs - Offense - Sep 2024,United States,CAMPAIGN_PAUSED,SP,AUTOMATIC,Amazon,Jars,Fixed bids,10/09/2024,,,US$10.00,US$10.00,CPC,0,0,0,0,0,US$0.00,US$0.00,US$0.00,US$0.00,0,0,0,US$0.00,US$0.00,0,0,0,0,US$0.00,US$0.00,0,US$0.00,US$0.00,0,,,0,US$0.00,US$0.00,US$0.00,US$0.00,0,0,0,0,0,0,0
PAUSED,NM  - SP - 4 Pack - Auto - Close - Offense - Oct 2024 - B0DJ3J2CKX,United States,CAMPAIGN_PAUSED,SP,AUTOMATIC,Amazon,Sachets,Fixed bids,14/10/2024,,100,US$35.00,US$35.00,CPC,0,0,0.91,0,0,US$0.00,US$0.00,US$0.00,US$0.00,0,0,0,US$0.00,US$0.00,0,0,0,0,US$0.00,US$0.00,0,US$0.00,US$0.00,0,,,0,US$0.00,US$0.00,US$0.00,US$0.00,0,0,0,0,0,0,0
PAUSED,NM  - SP - 4 Pack - CAT - Offense - Jan 2025 - B0DJ3J2CKX,United States,CAMPAIGN_PAUSED,SP,MANUAL,Amazon,Sachets,Fixed bids,08/01/2025,,100,US$35.00,US$35.00,CPC,0,0,0.91,0,0,US$0.00,US$0.00,US$0.00,US$0.00,0,0,0,US$0.00,US$0.00,0,0,0,0,US$0.00,US$0.00,0,US$0.00,US$0.00,0,,,0,US$0.00,US$0.00,US$0.00,US$0.00,0,0,0,0,0,0,0
PAUSED,NM - SP - Jars - Grapefruit Salt - BMM - MDF - Collagen KWs - Offense - Mar 2025,United States,CAMPAIGN_PAUSED,SP,MANUAL,Amazon,Jars,Fixed bids,11/03/2025,,,US$100.00,US$100.00,CPC,0,0,1.00,0,0,US$0.00,US$0.00,US$0.00,US$0.00,0,0,0,US$0.00,US$0.00,0,0,0,0,US$0.00,US$0.00,0,US$0.00,US$0.00,0,,,0,US$0.00,US$0.00,US$0.00,US$0.00,0,0,0,0,0,0,0
PAUSED,NM - SP - Jars - Citrus Salt - Auto - Loose - Offense - Oct 2024 - Up Down,United States,CAMPAIGN_PAUSED,SP,AUTOMATIC,Amazon,Jars,Dynamic bidding (up and down),17/10/2024,,,US$10.00,US$10.00,CPC,0,0,0,0,0,US$0.00,US$0.00,US$0.00,US$0.00,0,0,0,US$0.00,US$0.00,0,0,0,0,US$0.00,US$0.00,0,US$0.00,US$0.00,0,,,0,US$0.00,US$0.00,US$0.00,US$0.00,0,0,0,0,0,0,0
PAUSED,NM  - SP  - 4 Pack - Auto - Loose - Offense - Oct 2024 -  B0DJ3J2CKX,United States,CAMPAIGN_PAUSED,SP,AUTOMATIC,Amazon,Sachets,Fixed bids,14/10/2024,,100,US$100.00,US$100.00,CPC,0,0,0.91,0,0,US$0.00,US$0.00,US$0.00,US$0.00,0,0,0,US$0.00,US$0.00,0,0,0,0,US$0.00,US$0.00,0,US$0.00,US$0.00,0,,,0,US$0.00,US$0.00,US$0.00,US$0.00,0,0,0,0,0,0,0
PAUSED,NM - SP - Raspberry Salt - Auto - Loose - MDF - Offense - Jars - Oct 2024,United States,CAMPAIGN_PAUSED,SP,AUTOMATIC,Amazon,Jars,Fixed bids,17/10/2024,,,US$15.00,US$15.00,CPC,0,0,2.43,0,0,US$0.00,US$0.00,US$0.00,US$0.00,0,0,0,US$0.00,US$0.00,0,0,0,0,US$0.00,US$0.00,0,US$0.00,US$0.00,0,,,0,US$0.00,US$0.00,US$0.00,US$0.00,0,0,0,0,0,0,0
PAUSED,NM - SBV - STR - PT 7 - Jars - Jan 2026,United States,CAMPAIGN_PAUSED,SB2,MANUAL,Amazon,Jars,Fixed bids,13/01/2026,,,US$15.00,US$15.00,CPC,1381,<5%,0,0,0,US$0.00,US$0.00,US$0.00,US$0.00,1,0,0,US$0.00,US$0.00,0,0,0,0,US$0.00,US$0.00,0,US$0.00,US$0.00,0,4122,,48,US$0.00,US$0.00,US$0.00,US$0.00,17,11,6,4,0,0.0348,0
PAUSED,NM  - SP - 4 Pack - PT - MDF - Offense - Harvest - Jan 2025 - B0DJ3J2CKX,United States,CAMPAIGN_PAUSED,SP,MANUAL,Amazon,Sachets,Fixed bids,08/01/2025,,100,US$35.00,US$35.00,CPC,0,0,0.91,0,0,US$0.00,US$0.00,US$0.00,US$0.00,0,0,0,US$0.00,US$0.00,0,0,0,0,US$0.00,US$0.00,0,US$0.00,US$0.00,0,,,0,US$0.00,US$0.00,US$0.00,US$0.00,0,0,0,0,0,0,0
PAUSED,NM - SP - Jars - Watermelon Salt - Auto - Loose - Offense - Oct 2024 - Up down,United States,CAMPAIGN_PAUSED,SP,AUTOMATIC,Amazon,Jars,Dynamic bidding (up and down),17/10/2024,,,US$10.00,US$10.00,CPC,0,0,0,0,0,US$0.00,US$0.00,US$0.00,US$0.00,0,0,0,US$0.00,US$0.00,0,0,0,0,US$0.00,US$0.00,0,US$0.00,US$0.00,0,,,0,US$0.00,US$0.00,US$0.00,US$0.00,0,0,0,0,0,0,0
PAUSED,NM  - SP - 12 Pack - Auto - HLP  Audience - Offense - B0DY6K7RQH - July 2025,United States,CAMPAIGN_PAUSED,SP,AUTOMATIC,Amazon,Sachets,Fixed bids,03/07/2025,,,US$10.00,US$10.00,CPC,0,0,0,0,0,US$0.00,US$0.00,US$0.00,US$0.00,0,0,0,US$0.00,US$0.00,0,0,0,0,US$0.00,US$0.00,0,US$0.00,US$0.00,0,,,0,US$0.00,US$0.00,US$0.00,US$0.00,0,0,0,0,0,0,0
ENABLED,PERPETUA - STICKS - Perpetua - SP - Manual - tzm4t6x8,United States,CAMPAIGN_STATUS_ENABLED,SP,MANUAL,Amazon,,Dynamic bidding (down only),18/03/2026,,,US$33.33,US$33.33,CPC,31,0,0,0,0,US$0.00,US$0.00,US$0.00,US$0.00,0,0,0,US$0.00,US$0.00,0,0,0,0,US$0.00,US$0.00,0,US$0.00,US$0.00,0,,,0,US$0.00,US$0.00,US$0.00,US$0.00,0,0,0,0,0,0,0
PAUSED,NM - SP - Jars - Watermelon Salt - CAT - Offense - Oct 2024 - Up down,United States,CAMPAIGN_PAUSED,SP,MANUAL,Amazon,Jars,Dynamic bidding (down only),17/10/2024,,,US$10.00,US$10.00,CPC,0,0,0,0,0,US$0.00,US$0.00,US$0.00,US$0.00,0,0,0,US$0.00,US$0.00,0,0,0,0,US$0.00,US$0.00,0,US$0.00,US$0.00,0,,,0,US$0.00,US$0.00,US$0.00,US$0.00,0,0,0,0,0,0,0
PAUSED,NM - SP - Jars - Pineapple Salt - Exact - Oct 2024 - Up down,United States,CAMPAIGN_PAUSED,SP,MANUAL,Amazon,Jars,Dynamic bidding (up and down),17/10/2024,,,US$5.00,US$5.00,CPC,0,0,0,0,0,US$0.00,US$0.00,US$0.00,US$0.00,0,0,0,US$0.00,US$0.00,0,0,0,0,US$0.00,US$0.00,0,US$0.00,US$0.00,0,,,0,US$0.00,US$0.00,US$0.00,US$0.00,0,0,0,0,0,0,0
PAUSED,NM - SP - STR - PT 1 - Jars - Jan 2026,United States,CAMPAIGN_PAUSED,SP,MANUAL,Amazon,Sachets,Dynamic bidding (down only),13/01/2026,,100,US$40.00,US$40.00,CPC,100,<5%,0.91,0,0,US$0.00,US$0.00,US$0.00,US$0.00,0,0,0,US$0.00,US$0.00,0,0,0,0,US$0.00,US$0.00,0,US$0.00,US$0.00,0,,,0,US$0.00,US$0.00,US$0.00,US$0.00,0,0,0,0,0,0,0
PAUSED,NM - SP - Jars - Grapefruit Salt - PT - Oct 2024 - Up down,United States,CAMPAIGN_PAUSED,SP,MANUAL,Amazon,Jars,Dynamic bidding (up and down),17/10/2024,,,US$5.00,US$5.00,CPC,0,0,0,0,0,US$0.00,US$0.00,US$0.00,US$0.00,0,0,0,US$0.00,US$0.00,0,0,0,0,US$0.00,US$0.00,0,US$0.00,US$0.00,0,,,0,US$0.00,US$0.00,US$0.00,US$0.00,0,0,0,0,0,0,0
PAUSED,NM  - SP - 4 Pack - Group KWs - Considered by Shoppers - Offense - Feb 2025 - B0DJ3J2CKX,United States,CAMPAIGN_PAUSED,SP,MANUAL,Amazon,Sachets,Dynamic bidding (down only),18/02/2025,,,US$10.00,US$10.00,CPC,0,0,0,0,0,US$0.00,US$0.00,US$0.00,US$0.00,0,0,0,US$0.00,US$0.00,0,0,0,0,US$0.00,US$0.00,0,US$0.00,US$0.00,0,,,0,US$0.00,US$0.00,US$0.00,US$0.00,0,0,0,0,0,0,0
PAUSED,NM - SP - STR - PT 7 - Jars - Jan 2026,United States,CAMPAIGN_PAUSED,SP,MANUAL,Amazon,Jars,Dynamic bidding (down only),13/01/2026,,100,US$40.00,US$40.00,CPC,44,<5%,0.91,0,0,US$0.00,US$0.00,US$0.00,US$0.00,0,0,0,US$0.00,US$0.00,0,0,0,0,US$0.00,US$0.00,0,US$0.00,US$0.00,0,,,0,US$0.00,US$0.00,US$0.00,US$0.00,0,0,0,0,0,0,0
PAUSED,NM - SP - Jars - PT - Offense - Drink Ballast - Multi - Aug 2024,United States,CAMPAIGN_PAUSED,SP,MANUAL,Amazon,Multi,Dynamic bidding (down only),22/08/2024,,,US$10.00,US$10.00,CPC,0,0,0,0,0,US$0.00,US$0.00,US$0.00,US$0.00,0,0,0,US$0.00,US$0.00,0,0,0,0,US$0.00,US$0.00,0,US$0.00,US$0.00,0,,,0,US$0.00,US$0.00,US$0.00,US$0.00,0,0,0,0,0,0,0
PAUSED,NM - SP - Pineapple Salt - Group Keywords - Offense - Category Related - Sep 2024,United States,CAMPAIGN_PAUSED,SP,MANUAL,Amazon,Jars,Fixed bids,10/09/2024,,,US$10.00,US$10.00,CPC,0,0,0.53,0,0,US$0.00,US$0.00,US$0.00,US$0.00,0,0,0,US$0.00,US$0.00,0,0,0,0,US$0.00,US$0.00,0,US$0.00,US$0.00,0,,,0,US$0.00,US$0.00,US$0.00,US$0.00,0,0,0,0,0,0,0
PAUSED,NM - SP - Jars - Grapefruit Salt - CAT - Offense - Oct 2024,United States,CAMPAIGN_PAUSED,SP,MANUAL,Amazon,Jars,Dynamic bidding (down only),17/10/2024,,,US$10.00,US$10.00,CPC,0,0,0,0,0,US$0.00,US$0.00,US$0.00,US$0.00,0,0,0,US$0.00,US$0.00,0,0,0,0,US$0.00,US$0.00,0,US$0.00,US$0.00,0,,,0,US$0.00,US$0.00,US$0.00,US$0.00,0,0,0,0,0,0,0
PAUSED,NM - SP - Phrase - Raspberry Salt - Jars - Sep 2025,United States,CAMPAIGN_PAUSED,SP,MANUAL,Amazon,Jars,Dynamic bidding (down only),29/09/2025,,,US$100.00,US$100.00,CPC,0,0,2.43,0,0,US$0.00,US$0.00,US$0.00,US$0.00,0,0,0,US$0.00,US$0.00,0,0,0,0,US$0.00,US$0.00,0,US$0.00,US$0.00,0,,,0,US$0.00,US$0.00,US$0.00,US$0.00,0,0,0,0,0,0,0
ENABLED,PERPETUA - STICKS - Perpetua - SP - PAT - tzm4t6x8,United States,CAMPAIGN_STATUS_ENABLED,SP,MANUAL,Amazon,,Dynamic bidding (down only),18/03/2026,,,US$25.00,US$25.00,CPC,904,0,0,0,0,US$0.00,US$0.00,US$0.00,US$0.00,0,0,0,US$0.00,US$0.00,0,0,0,0,US$0.00,US$0.00,0,US$0.00,US$0.00,0,,,0,US$0.00,US$0.00,US$0.00,US$0.00,0,0,0,0,0,0,0
PAUSED,NM - SP - Jars - Watermelon Salt - Exact - Offense - Oct 2024,United States,CAMPAIGN_PAUSED,SP,MANUAL,Amazon,Jars,Dynamic bidding (down only),17/10/2024,,,US$10.00,US$10.00,CPC,0,0,0,0,0,US$0.00,US$0.00,US$0.00,US$0.00,0,0,0,US$0.00,US$0.00,0,0,0,0,US$0.00,US$0.00,0,US$0.00,US$0.00,0,,,0,US$0.00,US$0.00,US$0.00,US$0.00,0,0,0,0,0,0,0
PAUSED,NM  - SP - 12 Pack - Auto - Catch All - Offense - Apr 2025 - B0DY6K7RQH - Up Down,United States,CAMPAIGN_PAUSED,SP,AUTOMATIC,Amazon,Sachets,Dynamic bidding (up and down),16/04/2025,,,US$10.00,US$10.00,CPC,0,0,0,0,0,US$0.00,US$0.00,US$0.00,US$0.00,0,0,0,US$0.00,US$0.00,0,0,0,0,US$0.00,US$0.00,0,US$0.00,US$0.00,0,,,0,US$0.00,US$0.00,US$0.00,US$0.00,0,0,0,0,0,0,0
PAUSED,NM - SP - Jars - Pineapple Salt - Auto - Close - Offense - Oct 2024 - Up Down,United States,CAMPAIGN_PAUSED,SP,AUTOMATIC,Amazon,Jars,Dynamic bidding (up and down),17/10/2024,,,US$20.00,US$20.00,CPC,0,0,0,0,0,US$0.00,US$0.00,US$0.00,US$0.00,0,0,0,US$0.00,US$0.00,0,0,0,0,US$0.00,US$0.00,0,US$0.00,US$0.00,0,,,0,US$0.00,US$0.00,US$0.00,US$0.00,0,0,0,0,0,0,0
PAUSED,NM - SP - Grapefruit -  Auto - Subs - Offense - Sep 2024 - Up Down,United States,CAMPAIGN_PAUSED,SP,AUTOMATIC,Amazon,Jars,Dynamic bidding (up and down),10/09/2024,,,US$20.00,US$20.00,CPC,0,0,0,0,0,US$0.00,US$0.00,US$0.00,US$0.00,0,0,0,US$0.00,US$0.00,0,0,0,0,US$0.00,US$0.00,0,US$0.00,US$0.00,0,,,0,US$0.00,US$0.00,US$0.00,US$0.00,0,0,0,0,0,0,0
ENABLED,PERPETUA - STICKS - Perpetua - SP - Competitor Manual - tzm4t6x8,United States,CAMPAIGN_STATUS_ENABLED,SP,MANUAL,Amazon,,Dynamic bidding (down only),18/03/2026,,,US$25.00,US$25.00,CPC,5,0,0,0,0,US$0.00,US$0.00,US$0.00,US$0.00,0,0,0,US$0.00,US$0.00,0,0,0,0,US$0.00,US$0.00,0,US$0.00,US$0.00,0,,,0,US$0.00,US$0.00,US$0.00,US$0.00,0,0,0,0,0,0,0
PAUSED,NM - SP - STR - PT 2 - Jars - Jan 2026,United States,CAMPAIGN_PAUSED,SP,MANUAL,Amazon,Jars,Dynamic bidding (down only),13/01/2026,,100,US$40.00,US$40.00,CPC,31,<5%,0.91,0,0,US$0.00,US$0.00,US$0.00,US$0.00,0,0,0,US$0.00,US$0.00,0,0,0,0,US$0.00,US$0.00,0,US$0.00,US$0.00,0,,,0,US$0.00,US$0.00,US$0.00,US$0.00,0,0,0,0,0,0,0
PAUSED,NM - SP - Jars - PT - Offense - LMNT - Up Down - Multi,United States,CAMPAIGN_PAUSED,SP,MANUAL,Amazon,Multi,Dynamic bidding (up and down),22/08/2024,,,US$3.00,US$3.00,CPC,0,0,0,0,0,US$0.00,US$0.00,US$0.00,US$0.00,0,0,0,US$0.00,US$0.00,0,0,0,0,US$0.00,US$0.00,0,US$0.00,US$0.00,0,,,0,US$0.00,US$0.00,US$0.00,US$0.00,0,0,0,0,0,0,0
PAUSED,NM - SP - Jars - Orange Salt - Auto - Subs - Offense - Oct 2024 - Up Down,United States,CAMPAIGN_PAUSED,SP,AUTOMATIC,Amazon,Jars,Dynamic bidding (up and down),17/10/2024,,,US$10.00,US$10.00,CPC,0,0,0,0,0,US$0.00,US$0.00,US$0.00,US$0.00,0,0,0,US$0.00,US$0.00,0,0,0,0,US$0.00,US$0.00,0,US$0.00,US$0.00,0,,,0,US$0.00,US$0.00,US$0.00,US$0.00,0,0,0,0,0,0,0
PAUSED,NM  - SP - 4 Pack - BMM - Boosting KWs - Offense - B0DJ3J2CKX - Apr 2025,United States,CAMPAIGN_PAUSED,SP,MANUAL,Amazon,Sachets,Fixed bids,23/04/2025,,,US$35.00,US$35.00,CPC,0,0,2.43,0,0,US$0.00,US$0.00,US$0.00,US$0.00,0,0,0,US$0.00,US$0.00,0,0,0,0,US$0.00,US$0.00,0,US$0.00,US$0.00,0,,,0,US$0.00,US$0.00,US$0.00,US$0.00,0,0,0,0,0,0,0
PAUSED,NM - SP - Jars - Multi - PT - Boosting - Offense - Apr 2025,United States,CAMPAIGN_PAUSED,SP,MANUAL,Amazon,Multi,Dynamic bidding (down only),24/04/2025,,,US$20.00,US$20.00,CPC,0,0,0,0,0,US$0.00,US$0.00,US$0.00,US$0.00,0,0,0,US$0.00,US$0.00,0,0,0,0,US$0.00,US$0.00,0,US$0.00,US$0.00,0,,,0,US$0.00,US$0.00,US$0.00,US$0.00,0,0,0,0,0,0,0
PAUSED,NM - SP - Jars - Orange Salt - CAT - Offense - Oct 2024,United States,CAMPAIGN_PAUSED,SP,MANUAL,Amazon,Jars,Dynamic bidding (down only),17/10/2024,,,US$10.00,US$10.00,CPC,0,0,0,0,0,US$0.00,US$0.00,US$0.00,US$0.00,0,0,0,US$0.00,US$0.00,0,0,0,0,US$0.00,US$0.00,0,US$0.00,US$0.00,0,,,0,US$0.00,US$0.00,US$0.00,US$0.00,0,0,0,0,0,0,0
PAUSED,NM - SP - Jars - BMM 1 - Offense - Multi,United States,CAMPAIGN_PAUSED,SP,MANUAL,Amazon,Multi,Dynamic bidding (down only),09/08/2024,,,US$20.00,US$20.00,CPC,0,0,0,0,0,US$0.00,US$0.00,US$0.00,US$0.00,0,0,0,US$0.00,US$0.00,0,0,0,0,US$0.00,US$0.00,0,US$0.00,US$0.00,0,,,0,US$0.00,US$0.00,US$0.00,US$0.00,0,0,0,0,0,0,0
PAUSED,NM - SP - Jars - SPQ PT - Up Down,United States,CAMPAIGN_PAUSED,SP,MANUAL,Amazon,,Dynamic bidding (up and down),09/08/2024,,,US$15.00,US$15.00,CPC,0,0,0,0,0,US$0.00,US$0.00,US$0.00,US$0.00,0,0,0,US$0.00,US$0.00,0,0,0,0,US$0.00,US$0.00,0,US$0.00,US$0.00,0,,,0,US$0.00,US$0.00,US$0.00,US$0.00,0,0,0,0,0,0,0
PAUSED,NM - SP - Jars - Raspberry Salt - Auto - Subs - Offense - Oct 2024 - Up down,United States,CAMPAIGN_PAUSED,SP,AUTOMATIC,Amazon,Jars,Dynamic bidding (up and down),17/10/2024,,,US$20.00,US$20.00,CPC,0,0,0,0,0,US$0.00,US$0.00,US$0.00,US$0.00,0,0,0,US$0.00,US$0.00,0,0,0,0,US$0.00,US$0.00,0,US$0.00,US$0.00,0,,,0,US$0.00,US$0.00,US$0.00,US$0.00,0,0,0,0,0,0,0
PAUSED,NM - SP - MMT - Branded - MDF - B0DJ3J2CKX - 4 Pack - Jan 2025,United States,CAMPAIGN_PAUSED,SP,MANUAL,Amazon,Sachets,Fixed bids,21/01/2025,,100,US$100.00,US$100.00,CPC,0,0,0.91,0,0,US$0.00,US$0.00,US$0.00,US$0.00,0,0,0,US$0.00,US$0.00,0,0,0,0,US$0.00,US$0.00,0,US$0.00,US$0.00,0,,,0,US$0.00,US$0.00,US$0.00,US$0.00,0,0,0,0,0,0,0
PAUSED,NM  - SP - 4 Pack - BMM - MDF - Offense - Jan 2025 - B0DJ3J2CKX,United States,CAMPAIGN_PAUSED,SP,MANUAL,Amazon,Sachets,Fixed bids,08/01/2025,,,US$5.00,US$5.00,CPC,0,0,1.00,0,0,US$0.00,US$0.00,US$0.00,US$0.00,0,0,0,US$0.00,US$0.00,0,0,0,0,US$0.00,US$0.00,0,US$0.00,US$0.00,0,,,0,US$0.00,US$0.00,US$0.00,US$0.00,0,0,0,0,0,0,0
PAUSED,NM  - SP - 4 Pack - Exact - B0DJ3J2CKX - Oct 2025,United States,CAMPAIGN_PAUSED,SP,MANUAL,Amazon,Sachets,Dynamic bidding (down only),30/10/2025,,,US$15.00,US$15.00,CPC,0,0,2.43,0,0,US$0.00,US$0.00,US$0.00,US$0.00,0,0,0,US$0.00,US$0.00,0,0,0,0,US$0.00,US$0.00,0,US$0.00,US$0.00,0,,,0,US$0.00,US$0.00,US$0.00,US$0.00,0,0,0,0,0,0,0
PAUSED,NM  - SP - 4 Pack - Phrase - B0DJ3J2CKX - Oct 2025,United States,CAMPAIGN_PAUSED,SP,MANUAL,Amazon,Sachets,Dynamic bidding (down only),30/10/2025,,,US$15.00,US$15.00,CPC,0,0,2.43,0,0,US$0.00,US$0.00,US$0.00,US$0.00,0,0,0,US$0.00,US$0.00,0,0,0,0,US$0.00,US$0.00,0,US$0.00,US$0.00,0,,,0,US$0.00,US$0.00,US$0.00,US$0.00,0,0,0,0,0,0,0
PAUSED,NM - SP - Jars - Grapefruit Salt - BMM - Offense - Oct 2024,United States,CAMPAIGN_PAUSED,SP,MANUAL,Amazon,Jars,Fixed bids,17/10/2024,,,US$100.00,US$100.00,CPC,0,0,0,0,0,US$0.00,US$0.00,US$0.00,US$0.00,0,0,0,US$0.00,US$0.00,0,0,0,0,US$0.00,US$0.00,0,US$0.00,US$0.00,0,,,0,US$0.00,US$0.00,US$0.00,US$0.00,0,0,0,0,0,0,0
PAUSED,NM - Jars - Broad - Up Down,United States,CAMPAIGN_PAUSED,SP,MANUAL,Amazon,,Dynamic bidding (up and down),02/08/2024,,,US$10.00,US$10.00,CPC,0,0,0,0,0,US$0.00,US$0.00,US$0.00,US$0.00,0,0,0,US$0.00,US$0.00,0,0,0,0,US$0.00,US$0.00,0,US$0.00,US$0.00,0,,,0,US$0.00,US$0.00,US$0.00,US$0.00,0,0,0,0,0,0,0
PAUSED,NM - SP - Jars - Multi - Exact - Boosting KWs - Offense - Apr 2025,United States,CAMPAIGN_PAUSED,SP,MANUAL,Amazon,Multi,Dynamic bidding (down only),23/04/2025,,,US$20.00,US$20.00,CPC,0,0,0,0,0,US$0.00,US$0.00,US$0.00,US$0.00,0,0,0,US$0.00,US$0.00,0,0,0,0,US$0.00,US$0.00,0,US$0.00,US$0.00,0,,,0,US$0.00,US$0.00,US$0.00,US$0.00,0,0,0,0,0,0,0
PAUSED,NM - SP - Jars - Grapefruit Salt  - Exact,United States,CAMPAIGN_PAUSED,SP,MANUAL,Amazon,Jars,Dynamic bidding (down only),16/08/2024,,,US$3.00,US$3.00,CPC,0,0,0,0,0,US$0.00,US$0.00,US$0.00,US$0.00,0,0,0,US$0.00,US$0.00,0,0,0,0,US$0.00,US$0.00,0,US$0.00,US$0.00,0,,,0,US$0.00,US$0.00,US$0.00,US$0.00,0,0,0,0,0,0,0
PAUSED,NM - SP - Jars - Orange Salt - Exact,United States,CAMPAIGN_PAUSED,SP,MANUAL,Amazon,Jars,Dynamic bidding (down only),12/08/2024,,,US$3.00,US$3.00,CPC,0,0,0,0,0,US$0.00,US$0.00,US$0.00,US$0.00,0,0,0,US$0.00,US$0.00,0,0,0,0,US$0.00,US$0.00,0,US$0.00,US$0.00,0,,,0,US$0.00,US$0.00,US$0.00,US$0.00,0,0,0,0,0,0,0
PAUSED,NM - SP - Pineapple - Auto - Subs - Offense - Sep 2024 - Up Down,United States,CAMPAIGN_PAUSED,SP,AUTOMATIC,Amazon,Jars,Dynamic bidding (up and down),10/09/2024,,,US$10.00,US$10.00,CPC,0,0,0,0,0,US$0.00,US$0.00,US$0.00,US$0.00,0,0,0,US$0.00,US$0.00,0,0,0,0,US$0.00,US$0.00,0,US$0.00,US$0.00,0,,,0,US$0.00,US$0.00,US$0.00,US$0.00,0,0,0,0,0,0,0