Start Date,End Date,Portfolio name,Campaign Type,Campaign Name,Retailer,Country,Status,Currency,Budget,Targeting Type,Bidding strategy,Impressions,Last Year Impressions,Clicks,Last Year Clicks,Click-through rate (CTR),Spend,Last Year Spend,Cost per click (CPC),Last Year Cost Per Click (CPC),7 Day Total Orders (#),"Total Advertising Cost of Sales (ACOS) ",Total Return on Advertising Spend (ROAS),7 Day Total Sales
"Feb 01, 2026","Mar 19, 2026",Jars,Sponsored Products,NM - Pineapple Salt - Auto - Close - MDF - Jars - Aug 2024,Amazon,United States,ENABLED,USD,$50.0,Automatic targeting,Fixed bids,122,,8,,6.557%,$11.06,,$1.3825,$0.0,0,0.0%,0.0,$0.0
"Feb 01, 2026","Mar 18, 2026",Jars,Sponsored Products,NM - SP - Citrus Salt - BMM - Offense - Jars - Aug 2024,Amazon,United States,PAUSED,USD,$150.0,Manual targeting,Fixed bids,2553,59565,30,108,1.175%,$160.59,$423.82,$5.353,$3.9242593,3,144.87099999999998%,0.69,$110.85
"Feb 01, 2026","Mar 18, 2026",Jars,Sponsored Products,NM - SP - BMM - MDF - Offense - Electrolytes KWs - Jars,Amazon,United States,PAUSED,USD,$15.0,Manual targeting,Fixed bids,658,13650,1,34,0.152%,$0.85,$70.19,$0.85,$2.0644118000000002,0,0.0%,0.0,$0.0
"Feb 04, 2026","Mar 11, 2026",Jars,Sponsored Products,NM - SP - Exact - MDF - Offense - Jars - Aug 2024,Amazon,United States,ENABLED,USD,$250.0,Manual targeting,Fixed bids,3,335682,0,93,0.0%,$0.0,$311.93,$0.0,$3.3540859999999997,0,0.0%,0.0,$0.0
"Feb 01, 2026","Mar 19, 2026",Multi,Sponsored Products,NM - SP - MMT - Branded - MDF - Multi - Jars,Amazon,United States,ENABLED,USD,$70.0,Manual targeting,Fixed bids,17211,36479,476,973,2.766%,$969.82,$1590.89,$2.0374369999999997,$1.6350360000000002,165,14.127999999999998%,7.08,$6864.55
"Feb 01, 2026","Mar 14, 2026",Jars,Sponsored Products,NM - SP - Watermelon Salt - BMM - Offense - LMNT - Jars - Aug 2024,Amazon,United States,PAUSED,USD,$100.0,Manual targeting,Fixed bids,81,86136,0,27,0.0%,$0.0,$140.01,$0.0,$5.1855556,0,0.0%,0.0,$0.0
"Feb 01, 2026","Mar 16, 2026",Jars,Sponsored Products,NM - SP - Citrus Salt - Auto - Close - Offense - Jars - Oct 2024,Amazon,United States,PAUSED,USD,$35.0,Automatic targeting,Fixed bids,4,21610,0,62,0.0%,$0.0,$183.27,$0.0,$2.9559677,0,0.0%,0.0,$0.0
"Feb 01, 2026","Mar 18, 2026",Jars,Sponsored Products,NM - SP - Citrus Salt - Exact - MDF - Offense - Harvest - Jars - Oct 2024,Amazon,United States,PAUSED,USD,$150.0,Manual targeting,Fixed bids,2199,241192,48,88,2.183%,$276.98,$358.83,$5.770416699999999,$4.0776136,6,153.282%,0.65,$180.7
"Feb 01, 2026","Mar 19, 2026",Multi,Sponsored Products,NM - SP - PT - Defence - MDF - Jan 2025 - Multi,Amazon,United States,ENABLED,USD,$250.0,Manual targeting,Fixed bids,292,6454,3,67,1.027%,$9.57,$139.53,$3.19,$2.0825373,1,21.29%,4.7,$44.95
"Feb 01, 2026","Mar 17, 2026",Jars,Sponsored Products,NM  - SP - Exact - MDF - Business - Raspberry Salt - Offense - Jars - Jan 2025,Amazon,United States,ENABLED,USD,$150.0,Manual targeting,Fixed bids,43,6286,5,18,11.628%,$11.82,$40.24,$2.364,$2.2355556,1,26.296000000000003%,3.8,$44.95
"Feb 01, 2026","Mar 18, 2026",Jars,Sponsored Products,NM - SP - Pineapple Salt - BMM - MDF - Collagen KWs - Offense - Jars - Mar 2025,Amazon,United States,ENABLED,USD,$70.0,Manual targeting,Fixed bids,23,9617,2,38,8.696%,$2.46,$125.27,$1.23,$3.2965789,1,5.473%,18.27,$44.95
"Feb 01, 2026","Mar 13, 2026",Sachets,Sponsored Products,NM  - SP - 12 Pack - MMT - MDF - Branded - May 2025 - B0DY6K7RQH,Amazon,United States,ENABLED,USD,$70.0,Manual targeting,Fixed bids,11250,,299,,2.658%,$457.55,,$1.5302676,$0.0,112,18.675%,5.35,$2450.1
"Feb 01, 2026","Mar 13, 2026",Sachets,Sponsored Products,NM  - SP - 12 Pack - BMM - MDF - Offense - May 2025 - B0DY6K7RQH,Amazon,United States,PAUSED,USD,$150.0,Manual targeting,Fixed bids,336,,10,,2.976%,$18.71,,$1.871,$0.0,0,0.0%,0.0,$0.0
"Feb 01, 2026","Mar 13, 2026",Sachets,Sponsored Products,NM  - SP - 12 Pack - Auto - PBP  Audience - MDF - Offense - B0DY6K7RQH - July 2025,Amazon,United States,PAUSED,USD,$150.0,Automatic targeting,Fixed bids,6168,,26,,0.422%,$11.35,,$0.4365385,$0.0,3,25.307000000000002%,3.95,$44.85
"Feb 01, 2026","Mar 05, 2026",Sachets,Sponsored Products,NM  - SP - 4 Pack - Auto - CAC  Audience - Offense - B0DJ3J2CKX - July 2025,Amazon,United States,PAUSED,USD,$250.0,Automatic targeting,Fixed bids,15262,,102,,0.668%,$76.4,,$0.7490196,$0.0,6,118.083%,0.85,$64.7
"Feb 01, 2026","Mar 05, 2026",Sachets,Sponsored Products,NM  - SP - 4 Pack - Auto - PBP  Audience - Offense - B0DJ3J2CKX - July 2025,Amazon,United States,ENABLED,USD,$15.0,Automatic targeting,Fixed bids,1356,,14,,1.032%,$6.44,,$0.46,$0.0,1,32.281%,3.1,$19.95
"Feb 01, 2026","Mar 19, 2026",Jars,Sponsored Products,NM - SP - Auto - HLP  Audience - Multi - Offense - Jars - July 2025,Amazon,United States,ENABLED,USD,$70.0,Automatic targeting,Fixed bids,129528,,588,,0.45399999999999996%,$2552.58,,$4.3411224,$0.0,55,113.486%,0.88,$2249.25
"Feb 01, 2026","Mar 19, 2026",Jars,Sponsored Products,NM - SP - Auto - CAC  Audience - Multi - Offense - Jars - July 2025,Amazon,United States,ENABLED,USD,$70.0,Automatic targeting,Fixed bids,36746,,82,,0.22300000000000003%,$246.6,,$3.0073171000000003,$0.0,11,65.161%,1.53,$378.45
"Feb 01, 2026","Mar 18, 2026",Jars,Sponsored Products,NM - SP - Auto - PBP  Audience - Multi - Offense - Jars - July 2025,Amazon,United States,ENABLED,USD,$150.0,Automatic targeting,Fixed bids,49024,,67,,0.13699999999999998%,$187.1,,$2.7925373000000002,$0.0,6,97.6%,1.02,$191.7
"Feb 01, 2026","Mar 05, 2026",Sachets,Sponsored Products,NM  - SP - 4 Pack - Phrase 2 - MDF - B0DJ3J2CKX - Sep 2025,Amazon,United States,ENABLED,USD,$70.0,Manual targeting,Dynamic bids – down only,8866,,61,,0.688%,$80.23,,$1.3152458999999999,$0.0,17,32.908%,3.04,$243.8
"Feb 01, 2026","Mar 05, 2026",Sachets,Sponsored Products,NM  - SP - 4 Pack - Phrase 1 - B0DJ3J2CKX - Sep 2025,Amazon,United States,ENABLED,USD,$150.0,Manual targeting,Dynamic bids – down only,1808,,25,,1.383%,$35.46,,$1.4184,$0.0,4,37.405%,2.67,$94.8
"Feb 01, 2026","Mar 04, 2026",Sachets,Sponsored Products,NM  - SP - 4 Pack - Phrase 3 - MDF - B0DJ3J2CKX - Sep 2025,Amazon,United States,PAUSED,USD,$150.0,Manual targeting,Dynamic bids – down only,774,,14,,1.809%,$21.23,,$1.5164286000000002,$0.0,3,85.433%,1.17,$24.85
"Feb 01, 2026","Mar 18, 2026",Jars,Sponsored Products,NM - SP - Phrase 2 - MDF - Jars - Sep 2025,Amazon,United States,PAUSED,USD,$15.0,Manual targeting,Dynamic bids – down only,87,,1,,1.149%,$3.77,,$3.77,$0.0,0,0.0%,0.0,$0.0
"Feb 01, 2026","Mar 17, 2026",Jars,Sponsored Products,NM - SP - Phrase 4 - Jars - Sep 2025,Amazon,United States,PAUSED,USD,$35.0,Manual targeting,Dynamic bids – down only,157,,1,,0.637%,$2.06,,$2.06,$0.0,0,0.0%,0.0,$0.0
"Feb 01, 2026","Mar 18, 2026",Jars,Sponsored Products,NM - SP - Phrase 3 - MDF - Jars - Sep 2025,Amazon,United States,PAUSED,USD,$150.0,Manual targeting,Dynamic bids – down only,9235,,17,,0.184%,$83.02,,$4.8835294,$0.0,1,184.69400000000002%,0.54,$44.95
"Feb 01, 2026","Mar 13, 2026",Sachets,Sponsored Products,NM  - SP - 12 Pack - Phrase - MDF - B0DY6K7RQH - Sep 2025,Amazon,United States,ENABLED,USD,$70.0,Manual targeting,Dynamic bids – down only,5496,,61,,1.11%,$126.73,,$2.077541,$0.0,15,34.984%,2.86,$362.25
"Feb 05, 2026","Mar 17, 2026",Multi,Sponsored Products,NM - SP - Exact - Branded - Multi - Dec2025,Amazon,United States,ENABLED,USD,$35.0,Manual targeting,Dynamic bids – down only,94,,2,,2.128%,$3.7,,$1.85,$0.0,1,8.231%,12.15,$44.95
"Feb 23, 2026","Mar 17, 2026",Multi,Sponsored Products,NM - SP - Phrase - Branded - Multi -  Jars - Dec 2025,Amazon,United States,PAUSED,USD,$35.0,Manual targeting,Dynamic bids – down only,3,,0,,0.0%,$0.0,,$0.0,$0.0,0,0.0%,0.0,$0.0
"Feb 01, 2026","Mar 16, 2026",Jars,Sponsored Products,NM - SP - STR - Exact - Jars - Jan 2026,Amazon,United States,PAUSED,USD,$40.0,Manual targeting,Dynamic bids – down only,24,,2,,8.333%,$5.31,,$2.655,$0.0,0,0.0%,0.0,$0.0
"Feb 01, 2026","Mar 19, 2026",Jars,Sponsored Products,NM - SP - STR - Phrase - Jars - Jan 2026,Amazon,United States,ENABLED,USD,$70.0,Manual targeting,Dynamic bids – down only,10905,,87,,0.7979999999999999%,$244.49,,$2.8102299,$0.0,14,46.842%,2.13,$521.95
"Feb 01, 2026","Mar 05, 2026",Sachets,Sponsored Products,NM  - SP - STR - 4 Pack - PT - B0DJ3J2CKX - Jan 2026,Amazon,United States,PAUSED,USD,$150.0,Manual targeting,Dynamic bids – down only,915,,15,,1.6389999999999998%,$11.55,,$0.77,$0.0,2,77.517%,1.29,$14.9
"Feb 01, 2026","Mar 13, 2026",Sachets,Sponsored Products,NM  - SP - STR - 12 Pack - PT - B0DY6K7RQH - Jan 2026,Amazon,United States,PAUSED,USD,$150.0,Manual targeting,Dynamic bids – down only,1288,,25,,1.941%,$29.81,,$1.1924,$0.0,1,199.398%,0.5,$14.95
"Feb 01, 2026","Mar 18, 2026",Sachets,Sponsored Products,NM - SP - STR - PT - Jars - Jan 2026,Amazon,United States,PAUSED,USD,$70.0,Manual targeting,Dynamic bids – down only,166,,1,,0.602%,$2.03,,$2.03,$0.0,1,4.516%,22.14,$44.95
"Feb 01, 2026","Mar 05, 2026",Sachets,Sponsored Products,NM  - SP - STR - 4 Pack - PT 1 - B0DJ3J2CKX - Jan 2026,Amazon,United States,PAUSED,USD,$15.0,Manual targeting,Dynamic bids – down only,627,,13,,2.073%,$10.05,,$0.7730769,$0.0,1,203.03%,0.49,$4.95
"Feb 01, 2026","Mar 13, 2026",Sachets,Sponsored Products,NM  - SP - STR - 12 Pack - PT 1 - B0DY6K7RQH - Jan 2026,Amazon,United States,PAUSED,USD,$15.0,Manual targeting,Dynamic bids – down only,365,,5,,1.37%,$5.16,,$1.032,$0.0,0,0.0%,0.0,$0.0
"Feb 01, 2026","Mar 18, 2026",Sachets,Sponsored Products,NM - SP - STR - PT 1 - Jars - Jan 2026,Amazon,United States,PAUSED,USD,$40.0,Manual targeting,Dynamic bids – down only,100,,0,,0.0%,$0.0,,$0.0,$0.0,0,0.0%,0.0,$0.0
"Feb 01, 2026","Mar 04, 2026",Sachets,Sponsored Products,NM  - SP - STR - 4 Pack - PT 2 - B0DJ3J2CKX - Jan 2026,Amazon,United States,PAUSED,USD,$15.0,Manual targeting,Dynamic bids – down only,531,,10,,1.883%,$8.4,,$0.84,$0.0,0,0.0%,0.0,$0.0
"Feb 01, 2026","Mar 13, 2026",Sachets,Sponsored Products,NM  - SP - STR - 12 Pack - PT 2 - B0DY6K7RQH - Jan 2026,Amazon,United States,ENABLED,USD,$70.0,Manual targeting,Dynamic bids – down only,1000,,19,,1.9%,$35.39,,$1.8626316,$0.0,5,32.246%,3.1,$109.75
"Feb 01, 2026","Mar 18, 2026",Jars,Sponsored Products,NM - SP - STR - PT 2 - Jars - Jan 2026,Amazon,United States,PAUSED,USD,$40.0,Manual targeting,Dynamic bids – down only,30,,0,,0.0%,$0.0,,$0.0,$0.0,0,0.0%,0.0,$0.0
"Feb 01, 2026","Mar 04, 2026",Sachets,Sponsored Products,NM  - SP - STR - 4 Pack - PT 3 - B0DJ3J2CKX - Jan 2026,Amazon,United States,PAUSED,USD,$15.0,Manual targeting,Dynamic bids – down only,581,,7,,1.205%,$7.01,,$1.0014286,$0.0,0,0.0%,0.0,$0.0
"Feb 01, 2026","Mar 13, 2026",Sachets,Sponsored Products,NM  - SP - STR - 12 Pack - PT 3 - B0DY6K7RQH - Jan 2026,Amazon,United States,PAUSED,USD,$150.0,Manual targeting,Dynamic bids – down only,16216,,5,,0.031%,$6.92,,$1.3840000000000001,$0.0,1,46.288000000000004%,2.16,$14.95
"Feb 08, 2026","Mar 18, 2026",Jars,Sponsored Products,NM - SP - STR - PT 3 - Jars - Jan 2026,Amazon,United States,PAUSED,USD,$40.0,Manual targeting,Dynamic bids – down only,8,,0,,0.0%,$0.0,,$0.0,$0.0,0,0.0%,0.0,$0.0
"Feb 01, 2026","Mar 05, 2026",Sachets,Sponsored Products,NM  - SP - STR - 4 Pack - PT 4 - B0DJ3J2CKX - Jan 2026,Amazon,United States,PAUSED,USD,$70.0,Manual targeting,Dynamic bids – down only,706,,8,,1.133%,$9.64,,$1.205,$0.0,2,48.442%,2.06,$19.9
"Feb 01, 2026","Mar 05, 2026",Sachets,Sponsored Products,NM  - SP - STR - 12 Pack - PT 4 - B0DY6K7RQH - Jan 2026,Amazon,United States,PAUSED,USD,$40.0,Manual targeting,Dynamic bids – down only,774,,10,,1.2919999999999998%,$19.06,,$1.906,$0.0,1,191.558%,0.52,$9.95
"Feb 01, 2026","Mar 18, 2026",Jars,Sponsored Products,NM - SP - STR - PT 4 - Jars - Jan 2026,Amazon,United States,PAUSED,USD,$40.0,Manual targeting,Dynamic bids – down only,29,,0,,0.0%,$0.0,,$0.0,$0.0,0,0.0%,0.0,$0.0
"Feb 01, 2026","Mar 05, 2026",Sachets,Sponsored Products,NM  - SP - STR - 4 Pack - PT 5 - B0DJ3J2CKX - Jan 2026,Amazon,United States,PAUSED,USD,$15.0,Manual targeting,Dynamic bids – down only,128,,2,,1.5630000000000002%,$2.31,,$1.155,$0.0,0,0.0%,0.0,$0.0
"Feb 01, 2026","Mar 13, 2026",Sachets,Sponsored Products,NM  - SP - STR - 12 Pack - PT 5 - B0DY6K7RQH - Jan 2026,Amazon,United States,PAUSED,USD,$150.0,Manual targeting,Dynamic bids – down only,119,,5,,4.202%,$14.31,,$2.862,$0.0,1,35.865%,2.79,$39.9
"Feb 01, 2026","Mar 18, 2026",Jars,Sponsored Products,NM - SP - STR - PT 5 - Jars - Jan 2026,Amazon,United States,PAUSED,USD,$150.0,Manual targeting,Dynamic bids – down only,494,,19,,3.846%,$92.17,,$4.8510526,$0.0,2,192.422%,0.52,$47.9
"Feb 01, 2026","Mar 04, 2026",Sachets,Sponsored Products,NM  - SP - STR - 4 Pack - PT 6 - B0DJ3J2CKX - Jan 2026,Amazon,United States,PAUSED,USD,$15.0,Manual targeting,Dynamic bids – down only,75,,3,,4.0%,$4.35,,$1.45,$0.0,0,0.0%,0.0,$0.0
"Feb 01, 2026","Mar 05, 2026",Sachets,Sponsored Products,NM  - SP - STR - 12 Pack - PT 6 - B0DY6K7RQH - Jan 2026,Amazon,United States,PAUSED,USD,$150.0,Manual targeting,Dynamic bids – down only,146,,5,,3.4250000000000003%,$7.64,,$1.528,$0.0,2,25.552000000000003%,3.91,$29.9
"Feb 01, 2026","Mar 14, 2026",Jars,Sponsored Products,NM - SP - STR - PT 6 - Jars - Jan 2026,Amazon,United States,PAUSED,USD,$40.0,Manual targeting,Dynamic bids – down only,24,,0,,0.0%,$0.0,,$0.0,$0.0,0,0.0%,0.0,$0.0
"Feb 01, 2026","Mar 05, 2026",Sachets,Sponsored Products,NM  - SP - STR - 4 Pack - PT 7 - B0DJ3J2CKX - Jan 2026,Amazon,United States,PAUSED,USD,$15.0,Manual targeting,Dynamic bids – down only,317,,17,,5.3629999999999995%,$19.81,,$1.1652940999999999,$0.0,0,0.0%,0.0,$0.0
"Feb 01, 2026","Mar 13, 2026",Sachets,Sponsored Products,NM  - SP - STR - 12 Pack - PT 7 - B0DY6K7RQH - Jan 2026,Amazon,United States,PAUSED,USD,$40.0,Manual targeting,Dynamic bids – down only,191,,4,,2.094%,$7.0,,$1.75,$0.0,0,0.0%,0.0,$0.0
"Feb 01, 2026","Mar 18, 2026",Jars,Sponsored Products,NM - SP - STR - PT 7 - Jars - Jan 2026,Amazon,United States,PAUSED,USD,$40.0,Manual targeting,Dynamic bids – down only,44,,0,,0.0%,$0.0,,$0.0,$0.0,0,0.0%,0.0,$0.0
"Feb 01, 2026","Mar 05, 2026",Sachets,Sponsored Products,NM  - SP - GPT - 4 Pack - Exact - B0DJ3J2CKX - Jan 2026,Amazon,United States,PAUSED,USD,$250.0,Manual targeting,Dynamic bids – down only,5179,,63,,1.216%,$85.33,,$1.3544443999999998,$0.0,5,147.75799999999998%,0.68,$57.75
"Feb 01, 2026","Mar 04, 2026",Sachets,Sponsored Products,NM  - SP - GPT - 12 Pack - Exact - B0DY6K7RQH - Jan 2026,Amazon,United States,PAUSED,USD,$150.0,Manual targeting,Dynamic bids – down only,9351,,74,,0.791%,$128.38,,$1.7348649,$0.0,3,368.379%,0.27,$34.85
"Feb 01, 2026","Mar 05, 2026",Sachets,Sponsored Products,NM  - SP - GPT - 4 Pack - Phrase - B0DJ3J2CKX - Jan 2026,Amazon,United States,PAUSED,USD,$15.0,Manual targeting,Dynamic bids – down only,792,,12,,1.5150000000000001%,$10.99,,$0.9158333000000001,$0.0,0,0.0%,0.0,$0.0
"Feb 01, 2026","Mar 05, 2026",Sachets,Sponsored Products,NM  - SP - GPT - 12 Pack - Phrase - B0DY6K7RQH - Jan 2026,Amazon,United States,PAUSED,USD,$15.0,Manual targeting,Dynamic bids – down only,2943,,10,,0.33999999999999997%,$9.02,,$0.902,$0.0,0,0.0%,0.0,$0.0
"Feb 01, 2026","Mar 17, 2026",Stick Packs,Sponsored Products,NM - SP - Phrase - Branded - Stick Packs - Multi - Jan 2026,Amazon,United States,ENABLED,USD,$70.0,Manual targeting,Fixed bids,567,,12,,2.116%,$24.03,,$2.0025,$0.0,8,7.4510000000000005%,13.42,$322.5
"Feb 01, 2026","Mar 18, 2026",Stick Packs,Sponsored Products,NM - SP - PT - Stick Packs - Multi - Jan 2026,Amazon,United States,PAUSED,USD,$40.0,Manual targeting,Fixed bids,113,,0,,0.0%,$0.0,,$0.0,$0.0,0,0.0%,0.0,$0.0
"Feb 01, 2026","Mar 18, 2026",Stick Packs,Sponsored Products,NM - SP - PT 1 - Stick Packs - Multi - Jan 2026,Amazon,United States,PAUSED,USD,$40.0,Manual targeting,Fixed bids,72,,1,,1.389%,$2.4,,$2.4,$0.0,0,0.0%,0.0,$0.0
"Feb 01, 2026","Mar 18, 2026",Stick Packs,Sponsored Products,NM - SP - PT 2 - Stick Packs - Multi - Jan 2026,Amazon,United States,PAUSED,USD,$40.0,Manual targeting,Fixed bids,78,,0,,0.0%,$0.0,,$0.0,$0.0,0,0.0%,0.0,$0.0
"Feb 01, 2026","Mar 18, 2026",Stick Packs,Sponsored Products,NM - SP - PT 3 - Stick Packs - Multi - Jan 2026,Amazon,United States,PAUSED,USD,$40.0,Manual targeting,Fixed bids,93,,0,,0.0%,$0.0,,$0.0,$0.0,0,0.0%,0.0,$0.0
"Feb 01, 2026","Mar 18, 2026",Stick Packs,Sponsored Products,NM - SP - PT 4 - Stick Packs - Multi - Jan 2026,Amazon,United States,PAUSED,USD,$40.0,Manual targeting,Fixed bids,48,,0,,0.0%,$0.0,,$0.0,$0.0,0,0.0%,0.0,$0.0
"Feb 01, 2026","Mar 18, 2026",Jars,Sponsored Products,NM - SP - STR - Exact 1 - Jars - Jan 2026,Amazon,United States,PAUSED,USD,$40.0,Manual targeting,Dynamic bids – down only,2941,,6,,0.20400000000000001%,$20.1,,$3.35,$0.0,0,0.0%,0.0,$0.0
"Feb 01, 2026","Mar 18, 2026",Jars,Sponsored Products,NM - SP - STR - Exact 2 - Jars - Jan 2026,Amazon,United States,PAUSED,USD,$40.0,Manual targeting,Dynamic bids – down only,965,,2,,0.207%,$7.79,,$3.895,$0.0,0,0.0%,0.0,$0.0
"Feb 01, 2026","Mar 17, 2026",Jars,Sponsored Products,NM - SP - STR - Exact 3 - Jars - Jan 2026,Amazon,United States,PAUSED,USD,$40.0,Manual targeting,Dynamic bids – down only,626,,2,,0.319%,$7.5,,$3.75,$0.0,0,0.0%,0.0,$0.0
"Feb 10, 2026","Mar 18, 2026",Bottel,Sponsored Products,NM - SP - Exact - Branded - Bottle - B0GKB943TS - Feb 2026,Amazon,United States,PAUSED,USD,$70.0,Manual targeting,Dynamic bids – down only,372,,3,,0.8059999999999999%,$2.75,,$0.9166667,$0.0,1,7.868%,12.71,$34.95
"Feb 10, 2026","Mar 16, 2026",Bottel,Sponsored Products,NM - SP - Phrase - Branded - Bottle - B0GKB943TS - Feb 2026,Amazon,United States,PAUSED,USD,$70.0,Manual targeting,Dynamic bids – down only,252,,2,,0.7939999999999999%,$2.99,,$1.495,$0.0,1,7.494000000000001%,13.34,$39.9
"Mar 02, 2026","Mar 19, 2026",No Portfolio,Sponsored Products,NM - SP - Auto - All Products Test w/o Collagen - March 2026,Amazon,United States,ENABLED,USD,$70.0,Automatic targeting,Fixed bids,146366,,352,,0.24%,$649.57,,$1.8453693000000002,$0.0,41,39.548%,2.53,$1642.5
"Mar 02, 2026","Mar 18, 2026",No Portfolio,Sponsored Products,NM - SP - Phrase - All Products Test w/o Collagen - March 2026,Amazon,United States,PAUSED,USD,$70.0,Manual targeting,Dynamic bids – down only,65156,,142,,0.218%,$465.91,,$3.2810563000000004,$0.0,5,321.87199999999996%,0.31,$144.75
"Mar 02, 2026","Mar 19, 2026",No Portfolio,Sponsored Products,MN - SP - Phrase - Branded - Test w/o Collagen - March 2026,Amazon,United States,ENABLED,USD,$70.0,Manual targeting,Dynamic bids – down only,2334,,49,,2.099%,$54.81,,$1.1185714,$0.0,18,5.718%,17.49,$958.55
"Mar 16, 2026","Mar 18, 2026",Stick Packs,Sponsored Products,AUTO TEST MARCH 17 26,Amazon,United States,PAUSED,USD,$100.0,Automatic targeting,Dynamic bids – up and down,41271,,70,,0.16999999999999998%,$420.1,,$6.001428600000001,$0.0,4,300.501%,0.33,$139.8
"Mar 19, 2026","Mar 19, 2026",No Portfolio,Sponsored Products,PERPETUA TEST - Perpetua - SP - Competitor Manual - th07fl47,Amazon,United States,ENABLED,USD,$25.0,Manual targeting,Dynamic bids – down only,3,,0,,0.0%,$0.0,,$0.0,$0.0,0,0.0%,0.0,$0.0
"Mar 18, 2026","Mar 19, 2026",No Portfolio,Sponsored Products,PERPETUA TEST - Perpetua - SP - Auto - th07fl47,Amazon,United States,ENABLED,USD,$16.67,Automatic targeting,Dynamic bids – down only,5121,,5,,0.098%,$5.83,,$1.166,$0.0,1,16.681%,5.99,$34.95
"Mar 18, 2026","Mar 19, 2026",No Portfolio,Sponsored Products,PERPETUA TEST - Perpetua - SP - Manual - th07fl47,Amazon,United States,ENABLED,USD,$33.33,Manual targeting,Dynamic bids – down only,1019,,2,,0.196%,$7.84,,$3.92,$0.0,0,0.0%,0.0,$0.0
"Mar 18, 2026","Mar 19, 2026",No Portfolio,Sponsored Products,PERPETUA TEST - Perpetua - SP - PAT - th07fl47,Amazon,United States,ENABLED,USD,$25.0,Manual targeting,Dynamic bids – down only,311,,1,,0.322%,$1.55,,$1.55,$0.0,1,3.4479999999999995%,29.0,$44.95
"Mar 19, 2026","Mar 19, 2026",No Portfolio,Sponsored Products,PERPETUA TEST - Perpetua - SP - Branded Pat - th07fl47,Amazon,United States,ENABLED,USD,$25.0,Manual targeting,Dynamic bids – down only,2,,0,,0.0%,$0.0,,$0.0,$0.0,0,0.0%,0.0,$0.0
"Mar 18, 2026","Mar 19, 2026",No Portfolio,Sponsored Products,PERPETUA TEST - Perpetua - SP - Branded Manual - th07fl47,Amazon,United States,ENABLED,USD,$25.0,Manual targeting,Dynamic bids – down only,104,,6,,5.769%,$6.95,,$1.1583333,$0.0,1,19.886%,5.03,$34.95
"Mar 18, 2026","Mar 19, 2026",No Portfolio,Sponsored Products,PERPETUA - STICKS - Perpetua - SP - Branded Manual - tzm4t6x8,Amazon,United States,ENABLED,USD,$25.0,Manual targeting,Dynamic bids – down only,147,,10,,6.802999999999999%,$6.63,,$0.6629999999999999,$0.0,0,0.0%,0.0,$0.0
"Mar 19, 2026","Mar 19, 2026",No Portfolio,Sponsored Products,PERPETUA - STICKS - Perpetua - SP - Manual - tzm4t6x8,Amazon,United States,ENABLED,USD,$33.33,Manual targeting,Dynamic bids – down only,31,,0,,0.0%,$0.0,,$0.0,$0.0,0,0.0%,0.0,$0.0
"Mar 18, 2026","Mar 19, 2026",No Portfolio,Sponsored Products,PERPETUA - STICKS - Perpetua - SP - Competitor Manual - tzm4t6x8,Amazon,United States,ENABLED,USD,$25.0,Manual targeting,Dynamic bids – down only,5,,0,,0.0%,$0.0,,$0.0,$0.0,0,0.0%,0.0,$0.0
"Mar 18, 2026","Mar 19, 2026",No Portfolio,Sponsored Products,PERPETUA - STICKS - Perpetua - SP - Auto - tzm4t6x8,Amazon,United States,ENABLED,USD,$16.67,Automatic targeting,Dynamic bids – down only,755,,3,,0.39699999999999996%,$3.04,,$1.0133333,$0.0,0,0.0%,0.0,$0.0
"Mar 19, 2026","Mar 19, 2026",No Portfolio,Sponsored Products,PERPETUA - STICKS - Perpetua - SP - PAT - tzm4t6x8,Amazon,United States,ENABLED,USD,$25.0,Manual targeting,Dynamic bids – down only,697,,0,,0.0%,$0.0,,$0.0,$0.0,0,0.0%,0.0,$0.0
