Start Date,End Date,Portfolio name,Currency,Campaign Name,Ad Group Name,Retailer,Country,Advertised SKU,Advertised ASIN,Impressions,Clicks,Click-through rate (CTR),Cost per click (CPC),Spend,7 Day Total Sales,Total Advertising Cost of Sales (ACOS) ,Total Return on Advertising Spend (ROAS),7 Day Total Orders (#),7 Day Total Units (#),7 Day Conversion Rate,7 Day Advertised SKU Units (#),7 Day Other SKU Units (#),7 Day Advertised SKU Sales,7 Day Other SKU Sales
"Feb 01, 2026","Mar 18, 2026",Jars,USD,NM - SP - Citrus Salt - BMM - Offense - Jars - Aug 2024,NM - Jars - Auto - BMM,Amazon,United States,Citrus Salt Jar - FBA,B0D6L13DBT,2553,30,1.1751%,5,161,111,144.8714%,0.69,3,3,10.0000%,1,2,33,78
"Feb 04, 2026","Mar 11, 2026",Jars,USD,NM - SP - Exact - MDF - Offense - Jars - Aug 2024,NM - SP - Jars - Exact - Creatine KWs - Up Down,Amazon,United States,Citrus Salt Jar - FBA,B0D6L13DBT,3,0,0.0000%,,0,0,,,0,0,,0,0,0,0
"Feb 01, 2026","Mar 19, 2026",Multi,USD,NM - SP - MMT - Branded - MDF - Multi - Jars,NM - SP - Jars - MMT - Branded - Up Down,Amazon,United States,Citrus Salt Jar - FBA,B0D6L13DBT,4265,131,3.0715%,2,262,1928,13.6049%,7.35,41,46,31.2977%,28,18,1220,708
"Feb 01, 2026","Mar 19, 2026",Multi,USD,NM - SP - MMT - Branded - MDF - Multi - Jars,NM - SP - Jars - MMT - Branded - Up Down,Amazon,United States,Raspberry Salt Jar - FBA,B0D6L2RZNH,4264,126,2.9550%,2,241,1831,13.1661%,7.60,47,49,37.3016%,22,27,953,879
"Feb 01, 2026","Mar 19, 2026",Jars,USD,NM - Pineapple Salt - Auto - Close - MDF - Jars - Aug 2024,NM - Jars - Auto - Close,Amazon,United States,Pineapple Salt Jar - FBA,B0D6L3BFJ8,122,8,6.5574%,1,11,0,,0.00,0,0,0.0000%,0,0,0,0
"Feb 01, 2026","Mar 14, 2026",Jars,USD,NM - SP - Watermelon Salt - BMM - Offense - LMNT - Jars - Aug 2024,NM - SP - Jars - BMM - Offense - LMNT - Up Down,Amazon,United States,Watermelon Salt Jar - FBA,B0D6L2FPYW,81,0,0.0000%,,0,0,,,0,0,,0,0,0,0
"Feb 01, 2026","Mar 19, 2026",Multi,USD,NM - SP - MMT - Branded - MDF - Multi - Jars,NM - SP - Jars - MMT - Branded - Up Down,Amazon,United States,Pineapple Salt Jar - FBA,B0D6L3BFJ8,5986,110,1.8376%,2,224,1466,15.2435%,6.56,35,36,31.8182%,27,9,1142,325
"Feb 01, 2026","Mar 19, 2026",Multi,USD,NM - SP - MMT - Branded - MDF - Multi - Jars,NM - SP - Jars - MMT - Branded - Up Down,Amazon,United States,Watermelon Salt Jar - FBA,B0D6L2FPYW,2696,109,4.0430%,2,243,1639,14.8201%,6.75,42,43,38.5321%,25,18,1008,631
"Feb 01, 2026","Mar 18, 2026",Jars,USD,NM - SP - BMM - MDF - Offense - Electrolytes KWs - Jars,NM - SP - Jars - BMM - Electrolytes KWs,Amazon,United States,Watermelon Salt Jar - FBA,B0D6L2FPYW,658,1,0.1520%,1,1,0,,0.00,0,0,0.0000%,0,0,0,0
"Feb 01, 2026","Mar 18, 2026",Jars,USD,NM - SP - Citrus Salt - Exact - MDF - Offense - Harvest - Jars - Oct 2024,NM - Jars - Citrus Salt - Exact - Harvest - Oct 2024,Amazon,United States,Citrus Salt Jar - FBA,B0D6L13DBT,2199,48,2.1828%,6,277,181,153.2817%,0.65,6,6,12.5000%,2,4,78,103
"Feb 01, 2026","Mar 16, 2026",Jars,USD,NM - SP - Citrus Salt - Auto - Close - Offense - Jars - Oct 2024,NM - Jars - Citrus Salt - Auto - Close - Oct 2024 - Up down,Amazon,United States,Citrus Salt Jar - FBA,B0D6L13DBT,4,0,0.0000%,,0,0,,,0,0,,0,0,0,0
"Mar 04, 2026","Mar 16, 2026",Multi,USD,NM - SP - PT - Defence - MDF - Jan 2025 - Multi,NM - SP - PT - Defence - B0DJ3J2CKX - Jan 2025,Amazon,United States,Pineapple Salt Jar - FBA,B0D6L3BFJ8,5,0,0.0000%,,0,0,,,0,0,,0,0,0,0
"Mar 05, 2026","Mar 15, 2026",Multi,USD,NM - SP - PT - Defence - MDF - Jan 2025 - Multi,NM - SP - PT - Defence - B0DJ3J2CKX - Jan 2025,Amazon,United States,Watermelon Salt Jar - FBA,B0D6L2FPYW,3,0,0.0000%,,0,0,,,0,0,,0,0,0,0
"Mar 02, 2026","Mar 16, 2026",Multi,USD,NM - SP - PT - Defence - MDF - Jan 2025 - Multi,NM - SP - PT - Defence - B0DJ3J2CKX - Jan 2025,Amazon,United States,Citrus Salt Jar - FBA,B0D6L13DBT,5,0,0.0000%,,0,0,,,0,0,,0,0,0,0
"Feb 11, 2026","Mar 15, 2026",Multi,USD,NM - SP - PT - Defence - MDF - Jan 2025 - Multi,NM - SP - PT - Defence - B0DJ3J2CKX - Jan 2025,Amazon,United States,Raspberry Salt Jar - FBA,B0D6L2RZNH,6,0,0.0000%,,0,0,,,0,0,,0,0,0,0
"Feb 01, 2026","Mar 19, 2026",Multi,USD,NM - SP - PT - Defence - MDF - Jan 2025 - Multi,NM - SP - PT - Defence - B0D6L2FPYW - Jan 2025,Amazon,United States,Pineapple Salt Jar - FBA,B0D6L3BFJ8,104,0,0.0000%,,0,0,,,0,0,,0,0,0,0
"Feb 02, 2026","Mar 17, 2026",Multi,USD,NM - SP - PT - Defence - MDF - Jan 2025 - Multi,NM - SP - PT - Defence - B0D6L2FPYW - Jan 2025,Amazon,United States,Citrus Salt Jar - FBA,B0D6L13DBT,82,1,1.2195%,3,3,0,,0.00,0,0,0.0000%,0,0,0,0
"Feb 01, 2026","Mar 19, 2026",Multi,USD,NM - SP - PT - Defence - MDF - Jan 2025 - Multi,NM - SP - PT - Defence - B0D6L2FPYW - Jan 2025,Amazon,United States,Raspberry Salt Jar - FBA,B0D6L2RZNH,77,2,2.5974%,3,7,45,14.8610%,6.73,1,1,50.0000%,1,0,45,0
"Feb 02, 2026","Feb 02, 2026",Multi,USD,NM - SP - PT - Defence - MDF - Jan 2025 - Multi,NM - SP - PT - Defence - B0D6L1PNZY - Jan 2025,Amazon,United States,Pineapple Salt Jar - FBA,B0D6L3BFJ8,1,0,0.0000%,,0,0,,,0,0,,0,0,0,0
"Mar 05, 2026","Mar 17, 2026",Multi,USD,NM - SP - PT - Defence - MDF - Jan 2025 - Multi,NM - SP - PT - Defence - B0D6L2RZNH - Jan 2025,Amazon,United States,Pineapple Salt Jar - FBA,B0D6L3BFJ8,2,0,0.0000%,,0,0,,,0,0,,0,0,0,0
"Mar 07, 2026","Mar 07, 2026",Multi,USD,NM - SP - PT - Defence - MDF - Jan 2025 - Multi,NM - SP - PT - Defence - B0D6L2RZNH - Jan 2025,Amazon,United States,Watermelon Salt Jar - FBA,B0D6L2FPYW,1,0,0.0000%,,0,0,,,0,0,,0,0,0,0
"Mar 10, 2026","Mar 13, 2026",Multi,USD,NM - SP - PT - Defence - MDF - Jan 2025 - Multi,NM - SP - PT - Defence - B0D6L2RZNH - Jan 2025,Amazon,United States,Citrus Salt Jar - FBA,B0D6L13DBT,1,0,0.0000%,,0,0,,,0,0,,0,0,0,0
"Mar 01, 2026","Mar 17, 2026",Multi,USD,NM - SP - PT - Defence - MDF - Jan 2025 - Multi,NM - SP - PT - Defence - B0D6L13DBT - Jan 2025,Amazon,United States,Pineapple Salt Jar - FBA,B0D6L3BFJ8,2,0,0.0000%,,0,0,,,0,0,,0,0,0,0
"Mar 01, 2026","Mar 05, 2026",Multi,USD,NM - SP - PT - Defence - MDF - Jan 2025 - Multi,NM - SP - PT - Defence - B0D6L13DBT - Jan 2025,Amazon,United States,Watermelon Salt Jar - FBA,B0D6L2FPYW,3,0,0.0000%,,0,0,,,0,0,,0,0,0,0
"Mar 10, 2026","Mar 10, 2026",Multi,USD,NM - SP - PT - Defence - MDF - Jan 2025 - Multi,NM - SP - PT - Defence - B0D6L3BFJ8 - Jan 2025,Amazon,United States,Watermelon Salt Jar - FBA,B0D6L2FPYW,0,0,,,0,0,,,0,0,,0,0,0,0
"Feb 01, 2026","Mar 17, 2026",Jars,USD,NM  - SP - Exact - MDF - Business - Raspberry Salt - Offense - Jars - Jan 2025,NM  - SP - Exact - MDF - Offense - Jan 2025 - Multi,Amazon,United States,Raspberry Salt Jar - FBA,B0D6L2RZNH,43,5,11.6279%,2,12,45,26.2959%,3.80,1,1,20.0000%,0,1,0,45
"Feb 01, 2026","Mar 18, 2026",Jars,USD,NM - SP - Pineapple Salt - BMM - MDF - Collagen KWs - Offense - Jars - Mar 2025,NM - SP - Jars - Pineapple Salt - BMM - Collagen KWs - Mar 2025,Amazon,United States,Pineapple Salt Jar - FBA,B0D6L3BFJ8,23,2,8.6957%,1,2,45,5.4727%,18.27,1,1,50.0000%,0,1,0,45
"Feb 01, 2026","Mar 13, 2026",Sachets,USD,NM  - SP - 12 Pack - BMM - MDF - Offense - May 2025 - B0DY6K7RQH,NM  - SP - 12 Pack - BMM - Offense - Apr 2025 - B0DY6K7RQH,Amazon,United States,HVBX - FBA,B0DY6K7RQH,336,10,2.9762%,2,19,0,,0.00,0,0,0.0000%,0,0,0,0
"Feb 01, 2026","Mar 13, 2026",Sachets,USD,NM  - SP - 12 Pack - MMT - MDF - Branded - May 2025 - B0DY6K7RQH,NM  - SP - 12 Pack - MMT - Branded - Apr 2025 - B0DY6K7RQH,Amazon,United States,HVBX - FBA,B0DY6K7RQH,11250,299,2.6578%,2,458,2450,18.6747%,5.35,112,138,37.4582%,116,22,1889,561
"Feb 01, 2026","Mar 19, 2026",Jars,USD,NM - SP - Auto - HLP  Audience - Multi - Offense - Jars - July 2025,NM - SP - Jars - Auto - HLP  Audience - Multi - Offense - July 2025,Amazon,United States,Citrus Salt Jar - FBA,B0D6L13DBT,88095,177,0.2009%,4,761,938,81.1558%,1.23,23,23,12.9944%,9,14,395,543
"Feb 01, 2026","Mar 19, 2026",Jars,USD,NM - SP - Auto - HLP  Audience - Multi - Offense - Jars - July 2025,NM - SP - Jars - Auto - HLP  Audience - Multi - Offense - July 2025,Amazon,United States,Watermelon Salt Jar - FBA,B0D6L2FPYW,20375,194,0.9521%,4,857,472,181.3208%,0.55,11,11,5.6701%,5,6,203,270
"Feb 01, 2026","Mar 19, 2026",Jars,USD,NM - SP - Auto - HLP  Audience - Multi - Offense - Jars - July 2025,NM - SP - Jars - Auto - HLP  Audience - Multi - Offense - July 2025,Amazon,United States,Raspberry Salt Jar - FBA,B0D6L2RZNH,21088,218,1.0338%,4,938,839,111.8124%,0.89,21,21,9.6330%,12,9,505,334
"Feb 01, 2026","Mar 05, 2026",Sachets,USD,NM  - SP - 4 Pack - Auto - CAC  Audience - Offense - B0DJ3J2CKX - July 2025,NM  - SP - 4 Pack - Auto - CAC  Audience - Offense - B0DJ3J2CKX - July 2025,Amazon,United States,HVPK,B0DJ3J2CKX,15262,102,0.6683%,1,76,65,118.0835%,0.85,6,6,5.8824%,4,2,20,45
"Feb 01, 2026","Mar 17, 2026",Jars,USD,NM - SP - Auto - PBP  Audience - Multi - Offense - Jars - July 2025,NM - SP - Jars - Auto - PBP  Audience - Multi - Offense - July 2025,Amazon,United States,Citrus Salt Jar - FBA,B0D6L13DBT,2890,18,0.6228%,3,53,114,46.3005%,2.16,4,4,22.2222%,2,2,66,48
"Feb 01, 2026","Mar 18, 2026",Jars,USD,NM - SP - Auto - PBP  Audience - Multi - Offense - Jars - July 2025,NM - SP - Jars - Auto - PBP  Audience - Multi - Offense - July 2025,Amazon,United States,Watermelon Salt Jar - FBA,B0D6L2FPYW,5397,15,0.2779%,2,37,45,81.5795%,1.23,1,1,6.6667%,1,0,45,0
"Feb 01, 2026","Mar 18, 2026",Jars,USD,NM - SP - Auto - PBP  Audience - Multi - Offense - Jars - July 2025,NM - SP - Jars - Auto - PBP  Audience - Multi - Offense - July 2025,Amazon,United States,Raspberry Salt Jar - FBA,B0D6L2RZNH,40737,34,0.0835%,3,98,33,296.6313%,0.34,1,1,2.9412%,1,0,33,0
"Feb 01, 2026","Mar 13, 2026",Sachets,USD,NM  - SP - 12 Pack - Auto - PBP  Audience - MDF - Offense - B0DY6K7RQH - July 2025,NM  - SP - 12 Pack - Auto - PBP  Audience - Offense - B0DY6K7RQH - July 2025,Amazon,United States,HVBX - FBA,B0DY6K7RQH,6168,26,0.4215%,0,11,45,25.3066%,3.95,3,3,11.5385%,3,0,45,0
"Feb 01, 2026","Mar 05, 2026",Sachets,USD,NM  - SP - 4 Pack - Auto - PBP  Audience - Offense - B0DJ3J2CKX - July 2025,NM  - SP - 4 Pack - Auto - PBP  Audience - Offense - B0DJ3J2CKX - July 2025,Amazon,United States,HVPK,B0DJ3J2CKX,1356,14,1.0324%,0,6,20,32.2807%,3.10,1,1,7.1429%,0,1,0,20
"Feb 01, 2026","Mar 19, 2026",Jars,USD,NM - SP - Auto - CAC  Audience - Multi - Offense - Jars - July 2025,NM - SP - Jars - Auto - CAC  Audience - Multi - Offense - July 2025,Amazon,United States,Citrus Salt Jar - FBA,B0D6L13DBT,11841,33,0.2787%,3,103,86,120.1166%,0.83,4,4,12.1212%,0,4,0,86
"Feb 01, 2026","Mar 19, 2026",Jars,USD,NM - SP - Auto - CAC  Audience - Multi - Offense - Jars - July 2025,NM - SP - Jars - Auto - CAC  Audience - Multi - Offense - July 2025,Amazon,United States,Watermelon Salt Jar - FBA,B0D6L2FPYW,7949,27,0.3397%,3,71,168,42.3063%,2.36,4,4,14.8148%,2,2,78,90
"Feb 01, 2026","Mar 18, 2026",Jars,USD,NM - SP - Auto - CAC  Audience - Multi - Offense - Jars - July 2025,NM - SP - Jars - Auto - CAC  Audience - Multi - Offense - July 2025,Amazon,United States,Raspberry Salt Jar - FBA,B0D6L2RZNH,16957,22,0.1297%,3,73,125,58.1097%,1.72,3,3,13.6364%,3,0,125,0
"Feb 01, 2026","Mar 17, 2026",Jars,USD,NM - SP - Phrase 4 - Jars - Sep 2025,NM - SP - Jars - Phrase 4 - Sep 2025,Amazon,United States,Pineapple Salt Jar - FBA,B0D6L3BFJ8,80,1,1.2500%,2,2,0,,0.00,0,0,0.0000%,0,0,0,0
"Feb 01, 2026","Mar 16, 2026",Jars,USD,NM - SP - Phrase 4 - Jars - Sep 2025,NM - SP - Jars - Phrase 4 - Sep 2025,Amazon,United States,Citrus Salt Jar - FBA,B0D6L13DBT,16,0,0.0000%,,0,0,,,0,0,,0,0,0,0
"Feb 01, 2026","Mar 17, 2026",Jars,USD,NM - SP - Phrase 4 - Jars - Sep 2025,NM - SP - Jars - Phrase 4 - Sep 2025,Amazon,United States,Watermelon Salt Jar - FBA,B0D6L2FPYW,27,0,0.0000%,,0,0,,,0,0,,0,0,0,0
"Feb 01, 2026","Mar 17, 2026",Jars,USD,NM - SP - Phrase 4 - Jars - Sep 2025,NM - SP - Jars - Phrase 4 - Sep 2025,Amazon,United States,Raspberry Salt Jar - FBA,B0D6L2RZNH,34,0,0.0000%,,0,0,,,0,0,,0,0,0,0
"Feb 01, 2026","Mar 18, 2026",Jars,USD,NM - SP - Phrase 3 - MDF - Jars - Sep 2025,NM - SP - Jars - Phrase 3 - Sep 2025,Amazon,United States,Pineapple Salt Jar - FBA,B0D6L3BFJ8,7245,2,0.0276%,5,9,0,,0.00,0,0,0.0000%,0,0,0,0
"Feb 01, 2026","Mar 17, 2026",Jars,USD,NM - SP - Phrase 3 - MDF - Jars - Sep 2025,NM - SP - Jars - Phrase 3 - Sep 2025,Amazon,United States,Citrus Salt Jar - FBA,B0D6L13DBT,717,8,1.1158%,5,39,45,87.8532%,1.14,1,1,12.5000%,1,0,45,0
"Feb 01, 2026","Mar 16, 2026",Jars,USD,NM - SP - Phrase 3 - MDF - Jars - Sep 2025,NM - SP - Jars - Phrase 3 - Sep 2025,Amazon,United States,Watermelon Salt Jar - FBA,B0D6L2FPYW,353,0,0.0000%,,0,0,,,0,0,,0,0,0,0
"Feb 01, 2026","Mar 18, 2026",Jars,USD,NM - SP - Phrase 3 - MDF - Jars - Sep 2025,NM - SP - Jars - Phrase 3 - Sep 2025,Amazon,United States,Raspberry Salt Jar - FBA,B0D6L2RZNH,920,7,0.7609%,5,34,0,,0.00,0,0,0.0000%,0,0,0,0
"Feb 01, 2026","Mar 10, 2026",Sachets,USD,NM  - SP - 4 Pack - Phrase 1 - B0DJ3J2CKX - Sep 2025,NM  - SP - 4 Pack - Phrase 1 - B0DJ3J2CKX - Sep 2025,Amazon,United States,HVPK,B0DJ3J2CKX,1808,25,1.3827%,1,35,95,37.4051%,2.67,4,4,16.0000%,2,2,15,80
"Feb 01, 2026","Mar 04, 2026",Sachets,USD,NM  - SP - 4 Pack - Phrase 3 - MDF - B0DJ3J2CKX - Sep 2025,NM  - SP - 4 Pack - Phrase 3 - B0DJ3J2CKX - Sep 2025,Amazon,United States,HVPK,B0DJ3J2CKX,774,14,1.8088%,2,21,25,85.4326%,1.17,3,3,21.4286%,3,0,25,0
"Feb 01, 2026","Mar 15, 2026",Jars,USD,NM - SP - Phrase 2 - MDF - Jars - Sep 2025,NM - SP - Jars - Phrase 2 - Sep 2025,Amazon,United States,Pineapple Salt Jar - FBA,B0D6L3BFJ8,17,0,0.0000%,,0,0,,,0,0,,0,0,0,0
"Feb 01, 2026","Mar 17, 2026",Jars,USD,NM - SP - Phrase 2 - MDF - Jars - Sep 2025,NM - SP - Jars - Phrase 2 - Sep 2025,Amazon,United States,Citrus Salt Jar - FBA,B0D6L13DBT,25,1,4.0000%,4,4,0,,0.00,0,0,0.0000%,0,0,0,0
"Feb 03, 2026","Mar 12, 2026",Jars,USD,NM - SP - Phrase 2 - MDF - Jars - Sep 2025,NM - SP - Jars - Phrase 2 - Sep 2025,Amazon,United States,Watermelon Salt Jar - FBA,B0D6L2FPYW,17,0,0.0000%,,0,0,,,0,0,,0,0,0,0
"Feb 01, 2026","Mar 18, 2026",Jars,USD,NM - SP - Phrase 2 - MDF - Jars - Sep 2025,NM - SP - Jars - Phrase 2 - Sep 2025,Amazon,United States,Raspberry Salt Jar - FBA,B0D6L2RZNH,28,0,0.0000%,,0,0,,,0,0,,0,0,0,0
"Feb 01, 2026","Mar 05, 2026",Sachets,USD,NM  - SP - 4 Pack - Phrase 2 - MDF - B0DJ3J2CKX - Sep 2025,NM  - SP - 4 Pack - Phrase 2 - B0DJ3J2CKX - Sep 2025,Amazon,United States,HVPK,B0DJ3J2CKX,8866,61,0.6880%,1,80,244,32.9081%,3.04,17,24,27.8689%,18,6,134,110
"Feb 01, 2026","Mar 13, 2026",Sachets,USD,NM  - SP - 12 Pack - Phrase - MDF - B0DY6K7RQH - Sep 2025,NM  - SP - 12 Pack - Phrase - B0DY6K7RQH - Sep 2025,Amazon,United States,HVBX - FBA,B0DY6K7RQH,5496,61,1.1099%,2,127,362,34.9841%,2.86,15,15,24.5902%,9,6,145,218
"Feb 27, 2026","Mar 17, 2026",Multi,USD,NM - SP - Phrase - Branded - Multi -  Jars - Dec 2025,NM - SP - Jars - Phrase - Multi - Dec 2025,Amazon,United States,Citrus Salt Jar - FBA,B0D6L13DBT,1,0,0.0000%,,0,0,,,0,0,,0,0,0,0
"Feb 23, 2026","Mar 13, 2026",Multi,USD,NM - SP - Phrase - Branded - Multi -  Jars - Dec 2025,NM - SP - Jars - Phrase - Multi - Dec 2025,Amazon,United States,Raspberry Salt Jar - FBA,B0D6L2RZNH,1,0,0.0000%,,0,0,,,0,0,,0,0,0,0
"Mar 04, 2026","Mar 04, 2026",Multi,USD,NM - SP - Phrase - Branded - Multi -  Jars - Dec 2025,NM - SP - Jars - Phrase - Multi - Dec 2025,Amazon,United States,Pineapple Salt Jar - FBA,B0D6L3BFJ8,1,0,0.0000%,,0,0,,,0,0,,0,0,0,0
"Mar 08, 2026","Mar 13, 2026",Multi,USD,NM - SP - Phrase - Branded - Multi -  Jars - Dec 2025,NM - SP - Jars - Phrase - Multi - Dec 2025,Amazon,United States,Watermelon Salt Jar - FBA,B0D6L2FPYW,0,0,,,0,0,,,0,0,,0,0,0,0
"Mar 01, 2026","Mar 17, 2026",Multi,USD,NM - SP - Exact - Branded - Multi - Dec2025,NM - SP - Jars - Exact - Branded - Multi - Dec2025,Amazon,United States,Citrus Salt Jar - FBA,B0D6L13DBT,32,0,0.0000%,,0,0,,,0,0,,0,0,0,0
"Feb 05, 2026","Mar 17, 2026",Multi,USD,NM - SP - Exact - Branded - Multi - Dec2025,NM - SP - Jars - Exact - Branded - Multi - Dec2025,Amazon,United States,Raspberry Salt Jar - FBA,B0D6L2RZNH,32,1,3.1250%,2,2,45,4.6051%,21.71,1,1,100.0000%,1,0,45,0
"Feb 10, 2026","Mar 08, 2026",Multi,USD,NM - SP - Exact - Branded - Multi - Dec2025,NM - SP - Jars - Exact - Branded - Multi - Dec2025,Amazon,United States,Pineapple Salt Jar - FBA,B0D6L3BFJ8,6,0,0.0000%,,0,0,,,0,0,,0,0,0,0
"Feb 09, 2026","Mar 17, 2026",Multi,USD,NM - SP - Exact - Branded - Multi - Dec2025,NM - SP - Jars - Exact - Branded - Multi - Dec2025,Amazon,United States,Watermelon Salt Jar - FBA,B0D6L2FPYW,24,1,4.1667%,2,2,0,,0.00,0,0,0.0000%,0,0,0,0
"Feb 01, 2026","Feb 13, 2026",Jars,USD,NM - SP - STR - Phrase - Jars - Jan 2026,NM - SP - STR - Phrase - Jars - Jan 2026,Amazon,United States,BUNDLE-JS-CITRUS,B0GG582VPG,1007,10,0.9930%,3,30,110,27.0046%,3.70,4,10,40.0000%,0,10,0,110
"Feb 01, 2026","Mar 19, 2026",Jars,USD,NM - SP - STR - Phrase - Jars - Jan 2026,NM - SP - STR - Phrase - Jars - Jan 2026,Amazon,United States,Raspberry Salt Jar - FBA,B0D6L2RZNH,2995,27,0.9015%,3,90,120,74.9583%,1.33,3,4,11.1111%,2,2,90,30
"Feb 01, 2026","Mar 19, 2026",Jars,USD,NM - SP - STR - Phrase - Jars - Jan 2026,NM - SP - STR - Phrase - Jars - Jan 2026,Amazon,United States,Citrus Salt Jar - FBA,B0D6L13DBT,2649,17,0.6418%,3,43,123,35.2951%,2.83,3,3,17.6471%,1,2,45,78
"Feb 01, 2026","Mar 19, 2026",Jars,USD,NM - SP - STR - Phrase - Jars - Jan 2026,NM - SP - STR - Phrase - Jars - Jan 2026,Amazon,United States,Watermelon Salt Jar - FBA,B0D6L2FPYW,1003,10,0.9970%,3,26,0,,0.00,0,0,0.0000%,0,0,0,0
"Feb 01, 2026","Mar 19, 2026",Jars,USD,NM - SP - STR - Phrase - Jars - Jan 2026,NM - SP - STR - Phrase - Jars - Jan 2026,Amazon,United States,Pineapple Salt Jar - FBA,B0D6L3BFJ8,3251,23,0.7075%,2,55,170,32.6502%,3.06,4,4,17.3913%,3,1,135,35
"Feb 03, 2026","Feb 08, 2026",Jars,USD,NM - SP - STR - Exact - Jars - Jan 2026,NM - SP - STR - Exact - Jars - Jan 2026,Amazon,United States,BUNDLE-JS-CITRUS,B0GG582VPG,3,0,0.0000%,,0,0,,,0,0,,0,0,0,0
"Feb 05, 2026","Mar 16, 2026",Jars,USD,NM - SP - STR - Exact - Jars - Jan 2026,NM - SP - STR - Exact - Jars - Jan 2026,Amazon,United States,Citrus Salt Jar - FBA,B0D6L13DBT,4,0,0.0000%,,0,0,,,0,0,,0,0,0,0
"Feb 03, 2026","Mar 16, 2026",Jars,USD,NM - SP - STR - Exact - Jars - Jan 2026,NM - SP - STR - Exact - Jars - Jan 2026,Amazon,United States,Raspberry Salt Jar - FBA,B0D6L2RZNH,10,2,20.0000%,3,5,0,,0.00,0,0,0.0000%,0,0,0,0
"Feb 01, 2026","Mar 06, 2026",Jars,USD,NM - SP - STR - Exact - Jars - Jan 2026,NM - SP - STR - Exact - Jars - Jan 2026,Amazon,United States,Pineapple Salt Jar - FBA,B0D6L3BFJ8,4,0,0.0000%,,0,0,,,0,0,,0,0,0,0
"Feb 06, 2026","Feb 15, 2026",Jars,USD,NM - SP - STR - Exact - Jars - Jan 2026,NM - SP - STR - Exact - Jars - Jan 2026,Amazon,United States,Watermelon Salt Jar - FBA,B0D6L2FPYW,3,0,0.0000%,,0,0,,,0,0,,0,0,0,0
"Feb 20, 2026","Mar 18, 2026",Jars,USD,NM - SP - STR - PT 3 - Jars - Jan 2026,NM - SP - STR - PT 3 - Jars - Jan 2026,Amazon,United States,Citrus Salt Jar - FBA,B0D6L13DBT,3,0,0.0000%,,0,0,,,0,0,,0,0,0,0
"Feb 12, 2026","Mar 10, 2026",Jars,USD,NM - SP - STR - PT 3 - Jars - Jan 2026,NM - SP - STR - PT 3 - Jars - Jan 2026,Amazon,United States,Raspberry Salt Jar - FBA,B0D6L2RZNH,0,0,,,0,0,,,0,0,,0,0,0,0
"Feb 08, 2026","Mar 08, 2026",Jars,USD,NM - SP - STR - PT 3 - Jars - Jan 2026,NM - SP - STR - PT 3 - Jars - Jan 2026,Amazon,United States,Pineapple Salt Jar - FBA,B0D6L3BFJ8,5,0,0.0000%,,0,0,,,0,0,,0,0,0,0
"Feb 25, 2026","Mar 05, 2026",Jars,USD,NM - SP - STR - PT 3 - Jars - Jan 2026,NM - SP - STR - PT 3 - Jars - Jan 2026,Amazon,United States,Watermelon Salt Jar - FBA,B0D6L2FPYW,0,0,,,0,0,,,0,0,,0,0,0,0
"Feb 01, 2026","Mar 13, 2026",Jars,USD,NM - SP - STR - PT 7 - Jars - Jan 2026,NM - SP - STR - PT 7 - Jars - Jan 2026,Amazon,United States,Citrus Salt Jar - FBA,B0D6L13DBT,6,0,0.0000%,,0,0,,,0,0,,0,0,0,0
"Feb 01, 2026","Mar 16, 2026",Jars,USD,NM - SP - STR - PT 7 - Jars - Jan 2026,NM - SP - STR - PT 7 - Jars - Jan 2026,Amazon,United States,Raspberry Salt Jar - FBA,B0D6L2RZNH,18,0,0.0000%,,0,0,,,0,0,,0,0,0,0
"Feb 05, 2026","Feb 26, 2026",Jars,USD,NM - SP - STR - PT 7 - Jars - Jan 2026,NM - SP - STR - PT 7 - Jars - Jan 2026,Amazon,United States,Pineapple Salt Jar - FBA,B0D6L3BFJ8,3,0,0.0000%,,0,0,,,0,0,,0,0,0,0
"Feb 04, 2026","Mar 18, 2026",Jars,USD,NM - SP - STR - PT 7 - Jars - Jan 2026,NM - SP - STR - PT 7 - Jars - Jan 2026,Amazon,United States,Watermelon Salt Jar - FBA,B0D6L2FPYW,17,0,0.0000%,,0,0,,,0,0,,0,0,0,0
"Feb 01, 2026","Mar 13, 2026",Sachets,USD,NM  - SP - STR - 12 Pack - PT - B0DY6K7RQH - Jan 2026,NM  - SP - STR - 12 Pack - PT - B0DY6K7RQH - Jan 2026,Amazon,United States,HVBX - FBA,B0DY6K7RQH,1288,25,1.9410%,1,30,15,199.3980%,0.50,1,1,4.0000%,1,0,15,0
"Feb 01, 2026","Mar 05, 2026",Sachets,USD,NM  - SP - STR - 4 Pack - PT 4 - B0DJ3J2CKX - Jan 2026,NM  - SP - STR - 4 Pack - PT 4 - B0DJ3J2CKX - Jan 2026,Amazon,United States,HVPK,B0DJ3J2CKX,706,8,1.1331%,1,10,20,48.4422%,2.06,2,2,25.0000%,2,0,20,0
"Feb 01, 2026","Mar 15, 2026",Jars,USD,NM - SP - STR - PT 4 - Jars - Jan 2026,NM - SP - STR - PT 4 - Jars - Jan 2026,Amazon,United States,Citrus Salt Jar - FBA,B0D6L13DBT,3,0,0.0000%,,0,0,,,0,0,,0,0,0,0
"Feb 01, 2026","Mar 18, 2026",Jars,USD,NM - SP - STR - PT 4 - Jars - Jan 2026,NM - SP - STR - PT 4 - Jars - Jan 2026,Amazon,United States,Raspberry Salt Jar - FBA,B0D6L2RZNH,7,0,0.0000%,,0,0,,,0,0,,0,0,0,0
"Feb 02, 2026","Mar 17, 2026",Jars,USD,NM - SP - STR - PT 4 - Jars - Jan 2026,NM - SP - STR - PT 4 - Jars - Jan 2026,Amazon,United States,Pineapple Salt Jar - FBA,B0D6L3BFJ8,14,0,0.0000%,,0,0,,,0,0,,0,0,0,0
"Feb 13, 2026","Mar 10, 2026",Jars,USD,NM - SP - STR - PT 4 - Jars - Jan 2026,NM - SP - STR - PT 4 - Jars - Jan 2026,Amazon,United States,Watermelon Salt Jar - FBA,B0D6L2FPYW,5,0,0.0000%,,0,0,,,0,0,,0,0,0,0
"Feb 01, 2026","Mar 13, 2026",Sachets,USD,NM  - SP - STR - 12 Pack - PT 5 - B0DY6K7RQH - Jan 2026,NM  - SP - STR - 12 Pack - PT 5 - B0DY6K7RQH - Jan 2026,Amazon,United States,HVBX - FBA,B0DY6K7RQH,119,5,4.2017%,3,14,40,35.8647%,2.79,1,2,20.0000%,2,0,40,0
"Feb 01, 2026","Mar 05, 2026",Sachets,USD,NM  - SP - STR - 4 Pack - PT 1 - B0DJ3J2CKX - Jan 2026,NM  - SP - STR - 4 Pack - PT 1 - B0DJ3J2CKX - Jan 2026,Amazon,United States,HVPK,B0DJ3J2CKX,627,13,2.0734%,1,10,5,203.0303%,0.49,1,1,7.6923%,1,0,5,0
"Feb 01, 2026","Mar 13, 2026",Sachets,USD,NM  - SP - STR - 12 Pack - PT 3 - B0DY6K7RQH - Jan 2026,NM  - SP - STR - 12 Pack - PT 3 - B0DY6K7RQH - Jan 2026,Amazon,United States,HVBX - FBA,B0DY6K7RQH,16216,5,0.0308%,1,7,15,46.2876%,2.16,1,1,20.0000%,1,0,15,0
"Feb 01, 2026","Mar 05, 2026",Sachets,USD,NM  - SP - GPT - 12 Pack - Phrase - B0DY6K7RQH - Jan 2026,NM  - SP - GPT - 12 Pack - Phrase - B0DY6K7RQH - Jan 2026,Amazon,United States,HVBX - FBA,B0DY6K7RQH,2943,10,0.3398%,1,9,0,,0.00,0,0,0.0000%,0,0,0,0
"Feb 01, 2026","Mar 13, 2026",Sachets,USD,NM  - SP - STR - 12 Pack - PT 7 - B0DY6K7RQH - Jan 2026,NM  - SP - STR - 12 Pack - PT 7 - B0DY6K7RQH - Jan 2026,Amazon,United States,HVBX - FBA,B0DY6K7RQH,191,4,2.0942%,2,7,0,,0.00,0,0,0.0000%,0,0,0,0
"Feb 01, 2026","Mar 04, 2026",Sachets,USD,NM  - SP - GPT - 12 Pack - Exact - B0DY6K7RQH - Jan 2026,NM  - SP - GPT - 12 Pack - Exact - B0DY6K7RQH - Jan 2026,Amazon,United States,HVBX - FBA,B0DY6K7RQH,9351,74,0.7914%,2,128,35,368.3788%,0.27,3,3,4.0541%,3,0,35,0
"Feb 01, 2026","Mar 17, 2026",Sachets,USD,NM - SP - STR - PT - Jars - Jan 2026,NM - SP - STR - PT - Jars - Jan 2026,Amazon,United States,Citrus Salt Jar - FBA,B0D6L13DBT,85,1,1.1765%,2,2,45,4.5161%,22.14,1,1,100.0000%,1,0,45,0
"Feb 03, 2026","Mar 18, 2026",Sachets,USD,NM - SP - STR - PT - Jars - Jan 2026,NM - SP - STR - PT - Jars - Jan 2026,Amazon,United States,Raspberry Salt Jar - FBA,B0D6L2RZNH,23,0,0.0000%,,0,0,,,0,0,,0,0,0,0
"Feb 03, 2026","Mar 17, 2026",Sachets,USD,NM - SP - STR - PT - Jars - Jan 2026,NM - SP - STR - PT - Jars - Jan 2026,Amazon,United States,Pineapple Salt Jar - FBA,B0D6L3BFJ8,31,0,0.0000%,,0,0,,,0,0,,0,0,0,0
"Feb 01, 2026","Mar 18, 2026",Sachets,USD,NM - SP - STR - PT - Jars - Jan 2026,NM - SP - STR - PT - Jars - Jan 2026,Amazon,United States,Watermelon Salt Jar - FBA,B0D6L2FPYW,27,0,0.0000%,,0,0,,,0,0,,0,0,0,0
"Feb 01, 2026","Mar 05, 2026",Sachets,USD,NM  - SP - STR - 4 Pack - PT 5 - B0DJ3J2CKX - Jan 2026,NM  - SP - STR - 4 Pack - PT 5 - B0DJ3J2CKX - Jan 2026,Amazon,United States,HVPK,B0DJ3J2CKX,128,2,1.5625%,1,2,0,,0.00,0,0,0.0000%,0,0,0,0
"Feb 01, 2026","Mar 05, 2026",Sachets,USD,NM  - SP - STR - 12 Pack - PT 6 - B0DY6K7RQH - Jan 2026,NM  - SP - STR - 12 Pack - PT 6 - B0DY6K7RQH - Jan 2026,Amazon,United States,HVBX - FBA,B0DY6K7RQH,146,5,3.4247%,2,8,30,25.5518%,3.91,2,2,40.0000%,2,0,30,0
"Feb 01, 2026","Mar 16, 2026",Sachets,USD,NM - SP - STR - PT 1 - Jars - Jan 2026,NM - SP - STR - PT 1 - Jars - Jan 2026,Amazon,United States,Citrus Salt Jar - FBA,B0D6L13DBT,23,0,0.0000%,,0,0,,,0,0,,0,0,0,0
"Feb 02, 2026","Mar 18, 2026",Sachets,USD,NM - SP - STR - PT 1 - Jars - Jan 2026,NM - SP - STR - PT 1 - Jars - Jan 2026,Amazon,United States,Raspberry Salt Jar - FBA,B0D6L2RZNH,34,0,0.0000%,,0,0,,,0,0,,0,0,0,0
"Feb 06, 2026","Mar 17, 2026",Sachets,USD,NM - SP - STR - PT 1 - Jars - Jan 2026,NM - SP - STR - PT 1 - Jars - Jan 2026,Amazon,United States,Pineapple Salt Jar - FBA,B0D6L3BFJ8,29,0,0.0000%,,0,0,,,0,0,,0,0,0,0
"Feb 01, 2026","Mar 18, 2026",Sachets,USD,NM - SP - STR - PT 1 - Jars - Jan 2026,NM - SP - STR - PT 1 - Jars - Jan 2026,Amazon,United States,Watermelon Salt Jar - FBA,B0D6L2FPYW,14,0,0.0000%,,0,0,,,0,0,,0,0,0,0
"Feb 01, 2026","Mar 17, 2026",Jars,USD,NM - SP - STR - PT 5 - Jars - Jan 2026,NM - SP - STR - PT 5 - Jars - Jan 2026,Amazon,United States,Citrus Salt Jar - FBA,B0D6L13DBT,140,7,5.0000%,5,35,0,,0.00,0,0,0.0000%,0,0,0,0
"Feb 01, 2026","Mar 18, 2026",Jars,USD,NM - SP - STR - PT 5 - Jars - Jan 2026,NM - SP - STR - PT 5 - Jars - Jan 2026,Amazon,United States,Raspberry Salt Jar - FBA,B0D6L2RZNH,165,8,4.8485%,4,35,48,73.5491%,1.36,2,2,25.0000%,1,1,33,15
"Feb 01, 2026","Mar 17, 2026",Jars,USD,NM - SP - STR - PT 5 - Jars - Jan 2026,NM - SP - STR - PT 5 - Jars - Jan 2026,Amazon,United States,Pineapple Salt Jar - FBA,B0D6L3BFJ8,117,2,1.7094%,5,11,0,,0.00,0,0,0.0000%,0,0,0,0
"Feb 01, 2026","Mar 17, 2026",Jars,USD,NM - SP - STR - PT 5 - Jars - Jan 2026,NM - SP - STR - PT 5 - Jars - Jan 2026,Amazon,United States,Watermelon Salt Jar - FBA,B0D6L2FPYW,72,2,2.7778%,5,11,0,,0.00,0,0,0.0000%,0,0,0,0
"Feb 10, 2026","Mar 12, 2026",Jars,USD,NM - SP - STR - PT 6 - Jars - Jan 2026,NM - SP - STR - PT 6 - Jars - Jan 2026,Amazon,United States,Citrus Salt Jar - FBA,B0D6L13DBT,2,0,0.0000%,,0,0,,,0,0,,0,0,0,0
"Feb 03, 2026","Mar 14, 2026",Jars,USD,NM - SP - STR - PT 6 - Jars - Jan 2026,NM - SP - STR - PT 6 - Jars - Jan 2026,Amazon,United States,Raspberry Salt Jar - FBA,B0D6L2RZNH,4,0,0.0000%,,0,0,,,0,0,,0,0,0,0
"Feb 01, 2026","Mar 06, 2026",Jars,USD,NM - SP - STR - PT 6 - Jars - Jan 2026,NM - SP - STR - PT 6 - Jars - Jan 2026,Amazon,United States,Pineapple Salt Jar - FBA,B0D6L3BFJ8,17,0,0.0000%,,0,0,,,0,0,,0,0,0,0
"Feb 10, 2026","Feb 15, 2026",Jars,USD,NM - SP - STR - PT 6 - Jars - Jan 2026,NM - SP - STR - PT 6 - Jars - Jan 2026,Amazon,United States,Watermelon Salt Jar - FBA,B0D6L2FPYW,1,0,0.0000%,,0,0,,,0,0,,0,0,0,0
"Feb 01, 2026","Mar 04, 2026",Sachets,USD,NM  - SP - STR - 4 Pack - PT 2 - B0DJ3J2CKX - Jan 2026,NM  - SP - STR - 4 Pack - PT 2 - B0DJ3J2CKX - Jan 2026,Amazon,United States,HVPK,B0DJ3J2CKX,531,10,1.8832%,1,8,0,,0.00,0,0,0.0000%,0,0,0,0
"Feb 01, 2026","Mar 05, 2026",Sachets,USD,NM  - SP - GPT - 4 Pack - Phrase - B0DJ3J2CKX - Jan 2026,NM  - SP - GPT - 4 Pack - Phrase - B0DJ3J2CKX - Jan 2026,Amazon,United States,HVPK,B0DJ3J2CKX,792,12,1.5152%,1,11,0,,0.00,0,0,0.0000%,0,0,0,0
"Feb 01, 2026","Mar 13, 2026",Sachets,USD,NM  - SP - STR - 12 Pack - PT 2 - B0DY6K7RQH - Jan 2026,NM  - SP - STR - 12 Pack - PT 2 - B0DY6K7RQH - Jan 2026,Amazon,United States,HVBX - FBA,B0DY6K7RQH,1000,19,1.9000%,2,35,110,32.2460%,3.10,5,5,26.3158%,3,2,60,50
"Feb 01, 2026","Mar 04, 2026",Sachets,USD,NM  - SP - STR - 4 Pack - PT 6 - B0DJ3J2CKX - Jan 2026,NM  - SP - STR - 4 Pack - PT 6 - B0DJ3J2CKX - Jan 2026,Amazon,United States,HVPK,B0DJ3J2CKX,75,3,4.0000%,1,4,0,,0.00,0,0,0.0000%,0,0,0,0
"Feb 03, 2026","Mar 17, 2026",Jars,USD,NM - SP - STR - PT 2 - Jars - Jan 2026,NM - SP - STR - PT 2 - Jars - Jan 2026,Amazon,United States,Citrus Salt Jar - FBA,B0D6L13DBT,13,0,0.0000%,,0,0,,,0,0,,0,0,0,0
"Feb 02, 2026","Mar 18, 2026",Jars,USD,NM - SP - STR - PT 2 - Jars - Jan 2026,NM - SP - STR - PT 2 - Jars - Jan 2026,Amazon,United States,Raspberry Salt Jar - FBA,B0D6L2RZNH,8,0,0.0000%,,0,0,,,0,0,,0,0,0,0
"Feb 01, 2026","Mar 15, 2026",Jars,USD,NM - SP - STR - PT 2 - Jars - Jan 2026,NM - SP - STR - PT 2 - Jars - Jan 2026,Amazon,United States,Pineapple Salt Jar - FBA,B0D6L3BFJ8,5,0,0.0000%,,0,0,,,0,0,,0,0,0,0
"Feb 02, 2026","Mar 15, 2026",Jars,USD,NM - SP - STR - PT 2 - Jars - Jan 2026,NM - SP - STR - PT 2 - Jars - Jan 2026,Amazon,United States,Watermelon Salt Jar - FBA,B0D6L2FPYW,4,0,0.0000%,,0,0,,,0,0,,0,0,0,0
"Feb 01, 2026","Mar 05, 2026",Sachets,USD,NM  - SP - GPT - 4 Pack - Exact - B0DJ3J2CKX - Jan 2026,NM  - SP - GPT - 4 Pack - Exact - B0DJ3J2CKX - Jan 2026,Amazon,United States,HVPK,B0DJ3J2CKX,5179,63,1.2165%,1,85,58,147.7576%,0.68,5,5,7.9365%,3,2,15,43
"Feb 01, 2026","Mar 05, 2026",Sachets,USD,NM  - SP - STR - 12 Pack - PT 4 - B0DY6K7RQH - Jan 2026,NM  - SP - STR - 12 Pack - PT 4 - B0DY6K7RQH - Jan 2026,Amazon,United States,HVBX - FBA,B0DY6K7RQH,774,10,1.2920%,2,19,10,191.5578%,0.52,1,1,10.0000%,1,0,10,0
"Feb 01, 2026","Mar 04, 2026",Sachets,USD,NM  - SP - STR - 4 Pack - PT 3 - B0DJ3J2CKX - Jan 2026,NM  - SP - STR - 4 Pack - PT 3 - B0DJ3J2CKX - Jan 2026,Amazon,United States,HVPK,B0DJ3J2CKX,581,7,1.2048%,1,7,0,,0.00,0,0,0.0000%,0,0,0,0
"Feb 01, 2026","Mar 13, 2026",Sachets,USD,NM  - SP - STR - 12 Pack - PT 1 - B0DY6K7RQH - Jan 2026,NM  - SP - STR - 12 Pack - PT 1 - B0DY6K7RQH - Jan 2026,Amazon,United States,HVBX - FBA,B0DY6K7RQH,365,5,1.3699%,1,5,0,,0.00,0,0,0.0000%,0,0,0,0
"Feb 01, 2026","Mar 05, 2026",Sachets,USD,NM  - SP - STR - 4 Pack - PT - B0DJ3J2CKX - Jan 2026,NM  - SP - STR - 4 Pack - PT - B0DJ3J2CKX - Jan 2026,Amazon,United States,HVPK,B0DJ3J2CKX,915,15,1.6393%,1,12,15,77.5168%,1.29,2,2,13.3333%,2,0,15,0
"Feb 01, 2026","Mar 05, 2026",Sachets,USD,NM  - SP - STR - 4 Pack - PT 7 - B0DJ3J2CKX - Jan 2026,NM  - SP - STR - 4 Pack - PT 7 - B0DJ3J2CKX - Jan 2026,Amazon,United States,HVPK,B0DJ3J2CKX,317,17,5.3628%,1,20,0,,0.00,0,0,0.0000%,0,0,0,0
"Feb 01, 2026","Mar 17, 2026",Stick Packs,USD,NM - SP - Phrase - Branded - Stick Packs - Multi - Jan 2026,NM - SP - Phrase - Branded - Stick Packs - Multi - Jan 2026,Amazon,United States,Watermelon Salt Stick Packs - FBA,B0G45FXJZT,165,4,2.4242%,2,8,45,17.9510%,5.57,2,2,50.0000%,1,1,30,15
"Feb 01, 2026","Mar 17, 2026",Stick Packs,USD,NM - SP - Phrase - Branded - Stick Packs - Multi - Jan 2026,NM - SP - Phrase - Branded - Stick Packs - Multi - Jan 2026,Amazon,United States,Raspberry Salt Stick Packs - FBA,B0G45G1HDF,136,3,2.2059%,2,5,173,2.8133%,35.55,4,5,133.3333%,2,3,70,103
"Feb 01, 2026","Mar 17, 2026",Stick Packs,USD,NM - SP - Phrase - Branded - Stick Packs - Multi - Jan 2026,NM - SP - Phrase - Branded - Stick Packs - Multi - Jan 2026,Amazon,United States,Citrus Salt Stick Packs - FBA,B0G45CG9DD,266,5,1.8797%,2,11,105,10.5961%,9.44,2,3,40.0000%,0,3,0,105
"Feb 01, 2026","Mar 17, 2026",Stick Packs,USD,NM - SP - PT 1 - Stick Packs - Multi - Jan 2026,NM - SP - PT 1 - Stick Packs - Multi - Jan 2026,Amazon,United States,Watermelon Salt Stick Packs - FBA,B0G45FXJZT,19,0,0.0000%,,0,0,,,0,0,,0,0,0,0
"Feb 01, 2026","Mar 18, 2026",Stick Packs,USD,NM - SP - PT 1 - Stick Packs - Multi - Jan 2026,NM - SP - PT 1 - Stick Packs - Multi - Jan 2026,Amazon,United States,Raspberry Salt Stick Packs - FBA,B0G45G1HDF,18,0,0.0000%,,0,0,,,0,0,,0,0,0,0
"Feb 01, 2026","Mar 18, 2026",Stick Packs,USD,NM - SP - PT 1 - Stick Packs - Multi - Jan 2026,NM - SP - PT 1 - Stick Packs - Multi - Jan 2026,Amazon,United States,Citrus Salt Stick Packs - FBA,B0G45CG9DD,35,1,2.8571%,2,2,0,,0.00,0,0,0.0000%,0,0,0,0
"Feb 01, 2026","Mar 17, 2026",Stick Packs,USD,NM - SP - PT - Stick Packs - Multi - Jan 2026,NM - SP - PT - Stick Packs - Multi - Jan 2026,Amazon,United States,Watermelon Salt Stick Packs - FBA,B0G45FXJZT,38,0,0.0000%,,0,0,,,0,0,,0,0,0,0
"Feb 01, 2026","Mar 17, 2026",Stick Packs,USD,NM - SP - PT - Stick Packs - Multi - Jan 2026,NM - SP - PT - Stick Packs - Multi - Jan 2026,Amazon,United States,Raspberry Salt Stick Packs - FBA,B0G45G1HDF,16,0,0.0000%,,0,0,,,0,0,,0,0,0,0
"Feb 01, 2026","Mar 18, 2026",Stick Packs,USD,NM - SP - PT - Stick Packs - Multi - Jan 2026,NM - SP - PT - Stick Packs - Multi - Jan 2026,Amazon,United States,Citrus Salt Stick Packs - FBA,B0G45CG9DD,59,0,0.0000%,,0,0,,,0,0,,0,0,0,0
"Feb 01, 2026","Mar 18, 2026",Stick Packs,USD,NM - SP - PT 4 - Stick Packs - Multi - Jan 2026,NM - SP - PT 4 - Stick Packs - Multi - Jan 2026,Amazon,United States,Watermelon Salt Stick Packs - FBA,B0G45FXJZT,5,0,0.0000%,,0,0,,,0,0,,0,0,0,0
"Feb 01, 2026","Mar 10, 2026",Stick Packs,USD,NM - SP - PT 4 - Stick Packs - Multi - Jan 2026,NM - SP - PT 4 - Stick Packs - Multi - Jan 2026,Amazon,United States,Raspberry Salt Stick Packs - FBA,B0G45G1HDF,20,0,0.0000%,,0,0,,,0,0,,0,0,0,0
"Feb 01, 2026","Mar 18, 2026",Stick Packs,USD,NM - SP - PT 4 - Stick Packs - Multi - Jan 2026,NM - SP - PT 4 - Stick Packs - Multi - Jan 2026,Amazon,United States,Citrus Salt Stick Packs - FBA,B0G45CG9DD,23,0,0.0000%,,0,0,,,0,0,,0,0,0,0
"Feb 01, 2026","Mar 18, 2026",Stick Packs,USD,NM - SP - PT 3 - Stick Packs - Multi - Jan 2026,NM - SP - PT 3 - Stick Packs - Multi - Jan 2026,Amazon,United States,Watermelon Salt Stick Packs - FBA,B0G45FXJZT,45,0,0.0000%,,0,0,,,0,0,,0,0,0,0
"Feb 01, 2026","Mar 18, 2026",Stick Packs,USD,NM - SP - PT 3 - Stick Packs - Multi - Jan 2026,NM - SP - PT 3 - Stick Packs - Multi - Jan 2026,Amazon,United States,Raspberry Salt Stick Packs - FBA,B0G45G1HDF,23,0,0.0000%,,0,0,,,0,0,,0,0,0,0
"Feb 01, 2026","Mar 18, 2026",Stick Packs,USD,NM - SP - PT 3 - Stick Packs - Multi - Jan 2026,NM - SP - PT 3 - Stick Packs - Multi - Jan 2026,Amazon,United States,Citrus Salt Stick Packs - FBA,B0G45CG9DD,25,0,0.0000%,,0,0,,,0,0,,0,0,0,0
"Feb 01, 2026","Mar 17, 2026",Stick Packs,USD,NM - SP - PT 2 - Stick Packs - Multi - Jan 2026,NM - SP - PT 2 - Stick Packs - Multi - Jan 2026,Amazon,United States,Watermelon Salt Stick Packs - FBA,B0G45FXJZT,15,0,0.0000%,,0,0,,,0,0,,0,0,0,0
"Feb 01, 2026","Mar 17, 2026",Stick Packs,USD,NM - SP - PT 2 - Stick Packs - Multi - Jan 2026,NM - SP - PT 2 - Stick Packs - Multi - Jan 2026,Amazon,United States,Raspberry Salt Stick Packs - FBA,B0G45G1HDF,14,0,0.0000%,,0,0,,,0,0,,0,0,0,0
"Feb 01, 2026","Mar 18, 2026",Stick Packs,USD,NM - SP - PT 2 - Stick Packs - Multi - Jan 2026,NM - SP - PT 2 - Stick Packs - Multi - Jan 2026,Amazon,United States,Citrus Salt Stick Packs - FBA,B0G45CG9DD,49,0,0.0000%,,0,0,,,0,0,,0,0,0,0
"Feb 01, 2026","Mar 17, 2026",Jars,USD,NM - SP - STR - Exact 3 - Jars - Jan 2026,NM - SP - STR - Exact 3 - Jars - Jan 2026,Amazon,United States,Citrus Salt Jar - FBA,B0D6L13DBT,208,1,0.4808%,4,4,0,,0.00,0,0,0.0000%,0,0,0,0
"Feb 01, 2026","Mar 17, 2026",Jars,USD,NM - SP - STR - Exact 3 - Jars - Jan 2026,NM - SP - STR - Exact 3 - Jars - Jan 2026,Amazon,United States,Raspberry Salt Jar - FBA,B0D6L2RZNH,80,0,0.0000%,,0,0,,,0,0,,0,0,0,0
"Feb 01, 2026","Mar 17, 2026",Jars,USD,NM - SP - STR - Exact 3 - Jars - Jan 2026,NM - SP - STR - Exact 3 - Jars - Jan 2026,Amazon,United States,Pineapple Salt Jar - FBA,B0D6L3BFJ8,250,0,0.0000%,,0,0,,,0,0,,0,0,0,0
"Feb 01, 2026","Mar 17, 2026",Jars,USD,NM - SP - STR - Exact 3 - Jars - Jan 2026,NM - SP - STR - Exact 3 - Jars - Jan 2026,Amazon,United States,Watermelon Salt Jar - FBA,B0D6L2FPYW,88,1,1.1364%,3,3,0,,0.00,0,0,0.0000%,0,0,0,0
"Feb 01, 2026","Mar 17, 2026",Jars,USD,NM - SP - STR - Exact 2 - Jars - Jan 2026,NM - SP - STR - Exact 2 - Jars - Jan 2026,Amazon,United States,Citrus Salt Jar - FBA,B0D6L13DBT,31,1,3.2258%,4,4,0,,0.00,0,0,0.0000%,0,0,0,0
"Feb 01, 2026","Mar 18, 2026",Jars,USD,NM - SP - STR - Exact 2 - Jars - Jan 2026,NM - SP - STR - Exact 2 - Jars - Jan 2026,Amazon,United States,Raspberry Salt Jar - FBA,B0D6L2RZNH,38,0,0.0000%,,0,0,,,0,0,,0,0,0,0
"Feb 01, 2026","Mar 18, 2026",Jars,USD,NM - SP - STR - Exact 2 - Jars - Jan 2026,NM - SP - STR - Exact 2 - Jars - Jan 2026,Amazon,United States,Pineapple Salt Jar - FBA,B0D6L3BFJ8,873,1,0.1145%,4,4,0,,0.00,0,0,0.0000%,0,0,0,0
"Feb 01, 2026","Mar 17, 2026",Jars,USD,NM - SP - STR - Exact 2 - Jars - Jan 2026,NM - SP - STR - Exact 2 - Jars - Jan 2026,Amazon,United States,Watermelon Salt Jar - FBA,B0D6L2FPYW,23,0,0.0000%,,0,0,,,0,0,,0,0,0,0
"Feb 01, 2026","Mar 18, 2026",Jars,USD,NM - SP - STR - Exact 1 - Jars - Jan 2026,NM - SP - STR - Exact 1 - Jars - Jan 2026,Amazon,United States,Citrus Salt Jar - FBA,B0D6L13DBT,342,0,0.0000%,,0,0,,,0,0,,0,0,0,0
"Feb 01, 2026","Mar 18, 2026",Jars,USD,NM - SP - STR - Exact 1 - Jars - Jan 2026,NM - SP - STR - Exact 1 - Jars - Jan 2026,Amazon,United States,Raspberry Salt Jar - FBA,B0D6L2RZNH,1069,1,0.0935%,4,4,0,,0.00,0,0,0.0000%,0,0,0,0
"Feb 01, 2026","Mar 17, 2026",Jars,USD,NM - SP - STR - Exact 1 - Jars - Jan 2026,NM - SP - STR - Exact 1 - Jars - Jan 2026,Amazon,United States,Pineapple Salt Jar - FBA,B0D6L3BFJ8,866,3,0.3464%,3,9,0,,0.00,0,0,0.0000%,0,0,0,0
"Feb 01, 2026","Mar 18, 2026",Jars,USD,NM - SP - STR - Exact 1 - Jars - Jan 2026,NM - SP - STR - Exact 1 - Jars - Jan 2026,Amazon,United States,Watermelon Salt Jar - FBA,B0D6L2FPYW,664,2,0.3012%,3,7,0,,0.00,0,0,0.0000%,0,0,0,0
"Feb 10, 2026","Mar 18, 2026",Bottel,USD,NM - SP - Exact - Branded - Bottle - B0GKB943TS - Feb 2026,NM - SP - Exact - Branded - Bottel - B0GKB943TS - Feb 2026,Amazon,United States,HBOTTLE-FBA,B0GKB943TS,372,3,0.8065%,1,3,35,7.8684%,12.71,1,1,33.3333%,0,1,0,35
"Feb 10, 2026","Mar 16, 2026",Bottel,USD,NM - SP - Phrase - Branded - Bottle - B0GKB943TS - Feb 2026,NM - SP - Phrase - Branded - Bottel - B0GKB943TS - Feb 2026,Amazon,United States,HBOTTLE-FBA,B0GKB943TS,252,2,0.7937%,1,3,40,7.4937%,13.34,1,2,50.0000%,2,0,40,0
"Mar 02, 2026","Mar 17, 2026",No Portfolio,USD,NM - SP - Phrase - All Products Test w/o Collagen - March 2026,NM - SP - Phrase - All Products Test w/o Collagen - March 2026,Amazon,United States,atermelon Salt Stick Packs - FBA,B0G45FXJZT,603,1,0.1658%,2,2,0,,0.00,0,0,0.0000%,0,0,0,0
"Mar 02, 2026","Mar 13, 2026",No Portfolio,USD,NM - SP - Phrase - All Products Test w/o Collagen - March 2026,NM - SP - Phrase - All Products Test w/o Collagen - March 2026,Amazon,United States,Stick Sampler CRW,B0GGBPZFY1,2094,3,0.1433%,2,6,0,,0.00,0,0,0.0000%,0,0,0,0
"Mar 02, 2026","Mar 18, 2026",No Portfolio,USD,NM - SP - Phrase - All Products Test w/o Collagen - March 2026,NM - SP - Phrase - All Products Test w/o Collagen - March 2026,Amazon,United States,Watermelon Salt Stick Packs - FBA,B0G45FXJZT,5862,16,0.2729%,4,60,0,,0.00,0,0,0.0000%,0,0,0,0
"Mar 02, 2026","Mar 18, 2026",No Portfolio,USD,NM - SP - Phrase - All Products Test w/o Collagen - March 2026,NM - SP - Phrase - All Products Test w/o Collagen - March 2026,Amazon,United States,Raspberry Salt Stick Packs - FBA,B0G45G1HDF,4033,18,0.4463%,3,52,70,74.8641%,1.34,2,2,11.1111%,1,1,35,35
"Mar 02, 2026","Mar 18, 2026",No Portfolio,USD,NM - SP - Phrase - All Products Test w/o Collagen - March 2026,NM - SP - Phrase - All Products Test w/o Collagen - March 2026,Amazon,United States,Citrus Salt Stick Packs - FBA,B0G45CG9DD,3256,11,0.3378%,3,37,35,105.4363%,0.95,1,1,9.0909%,0,1,0,35
"Mar 02, 2026","Mar 05, 2026",No Portfolio,USD,NM - SP - Phrase - All Products Test w/o Collagen - March 2026,NM - SP - Phrase - All Products Test w/o Collagen - March 2026,Amazon,United States,HVPK,B0DJ3J2CKX,10821,47,0.4343%,3,162,0,,0.00,0,0,0.0000%,0,0,0,0
"Mar 02, 2026","Mar 13, 2026",No Portfolio,USD,NM - SP - Phrase - All Products Test w/o Collagen - March 2026,NM - SP - Phrase - All Products Test w/o Collagen - March 2026,Amazon,United States,HVBX - FBA,B0DY6K7RQH,9926,31,0.3123%,3,103,40,258.7218%,0.39,2,2,6.4516%,2,0,40,0
"Mar 02, 2026","Mar 18, 2026",No Portfolio,USD,NM - SP - Phrase - All Products Test w/o Collagen - March 2026,NM - SP - Phrase - All Products Test w/o Collagen - March 2026,Amazon,United States,Citrus Salt Jar - FBA,B0D6L13DBT,4432,3,0.0677%,3,8,0,,0.00,0,0,0.0000%,0,0,0,0
"Mar 02, 2026","Mar 18, 2026",No Portfolio,USD,NM - SP - Phrase - All Products Test w/o Collagen - March 2026,NM - SP - Phrase - All Products Test w/o Collagen - March 2026,Amazon,United States,Raspberry Salt Jar - FBA,B0D6L2RZNH,13878,3,0.0216%,4,11,0,,0.00,0,0,0.0000%,0,0,0,0
"Mar 02, 2026","Mar 17, 2026",No Portfolio,USD,NM - SP - Phrase - All Products Test w/o Collagen - March 2026,NM - SP - Phrase - All Products Test w/o Collagen - March 2026,Amazon,United States,Pineapple Salt Jar - FBA,B0D6L3BFJ8,8190,9,0.1099%,3,23,0,,0.00,0,0,0.0000%,0,0,0,0
"Mar 02, 2026","Mar 18, 2026",No Portfolio,USD,NM - SP - Phrase - All Products Test w/o Collagen - March 2026,NM - SP - Phrase - All Products Test w/o Collagen - March 2026,Amazon,United States,Watermelon Salt Jar - FBA,B0D6L2FPYW,2061,0,0.0000%,,0,0,,,0,0,,0,0,0,0
"Mar 02, 2026","Mar 19, 2026",No Portfolio,USD,NM - SP - Auto - All Products Test w/o Collagen - March 2026,NM - SP - Auto - All Products Test w/o Collagen - March 2026,Amazon,United States,atermelon Salt Stick Packs - FBA,B0G45FXJZT,9008,23,0.2553%,2,44,70,63.4907%,1.58,2,2,8.6957%,1,1,35,35
"Mar 02, 2026","Mar 13, 2026",No Portfolio,USD,NM - SP - Auto - All Products Test w/o Collagen - March 2026,NM - SP - Auto - All Products Test w/o Collagen - March 2026,Amazon,United States,Stick Sampler CRW,B0GGBPZFY1,1422,0,0.0000%,,0,0,,,0,0,,0,0,0,0
"Mar 02, 2026","Mar 19, 2026",No Portfolio,USD,NM - SP - Auto - All Products Test w/o Collagen - March 2026,NM - SP - Auto - All Products Test w/o Collagen - March 2026,Amazon,United States,Watermelon Salt Stick Packs - FBA,B0G45FXJZT,11789,55,0.4665%,2,100,484,20.6916%,4.83,10,13,18.1818%,7,6,245,240
"Mar 02, 2026","Mar 19, 2026",No Portfolio,USD,NM - SP - Auto - All Products Test w/o Collagen - March 2026,NM - SP - Auto - All Products Test w/o Collagen - March 2026,Amazon,United States,Raspberry Salt Stick Packs - FBA,B0G45G1HDF,15593,59,0.3784%,2,110,419,26.3448%,3.80,9,12,15.2542%,9,3,315,105
"Mar 02, 2026","Mar 19, 2026",No Portfolio,USD,NM - SP - Auto - All Products Test w/o Collagen - March 2026,NM - SP - Auto - All Products Test w/o Collagen - March 2026,Amazon,United States,Citrus Salt Stick Packs - FBA,B0G45CG9DD,12332,67,0.5433%,2,122,499,24.4502%,4.09,11,14,16.4179%,6,8,210,290
"Mar 02, 2026","Mar 05, 2026",No Portfolio,USD,NM - SP - Auto - All Products Test w/o Collagen - March 2026,NM - SP - Auto - All Products Test w/o Collagen - March 2026,Amazon,United States,HVPK,B0DJ3J2CKX,23393,88,0.3762%,2,154,60,257.7052%,0.39,6,6,6.8182%,6,0,60,0
"Mar 02, 2026","Mar 13, 2026",No Portfolio,USD,NM - SP - Auto - All Products Test w/o Collagen - March 2026,NM - SP - Auto - All Products Test w/o Collagen - March 2026,Amazon,United States,HVBX - FBA,B0DY6K7RQH,32680,22,0.0673%,2,42,20,211.4787%,0.47,1,1,4.5455%,1,0,20,0
"Mar 02, 2026","Mar 19, 2026",No Portfolio,USD,NM - SP - Auto - All Products Test w/o Collagen - March 2026,NM - SP - Auto - All Products Test w/o Collagen - March 2026,Amazon,United States,Citrus Salt Jar - FBA,B0D6L13DBT,10313,10,0.0970%,2,20,90,22.4472%,4.45,2,2,20.0000%,2,0,90,0
"Mar 02, 2026","Mar 19, 2026",No Portfolio,USD,NM - SP - Auto - All Products Test w/o Collagen - March 2026,NM - SP - Auto - All Products Test w/o Collagen - March 2026,Amazon,United States,Raspberry Salt Jar - FBA,B0D6L2RZNH,15359,6,0.0391%,2,10,0,,0.00,0,0,0.0000%,0,0,0,0
"Mar 02, 2026","Mar 19, 2026",No Portfolio,USD,NM - SP - Auto - All Products Test w/o Collagen - March 2026,NM - SP - Auto - All Products Test w/o Collagen - March 2026,Amazon,United States,Pineapple Salt Jar - FBA,B0D6L3BFJ8,9207,14,0.1521%,2,30,0,,0.00,0,0,0.0000%,0,0,0,0
"Mar 02, 2026","Mar 19, 2026",No Portfolio,USD,NM - SP - Auto - All Products Test w/o Collagen - March 2026,NM - SP - Auto - All Products Test w/o Collagen - March 2026,Amazon,United States,Watermelon Salt Jar - FBA,B0D6L2FPYW,5309,8,0.1507%,2,16,0,,0.00,0,0,0.0000%,0,0,0,0
"Mar 02, 2026","Mar 17, 2026",No Portfolio,USD,MN - SP - Phrase - Branded - Test w/o Collagen - March 2026,MN - SP - Phrase - Branded - Test w/o Collagen - March 2026,Amazon,United States,atermelon Salt Stick Packs - FBA,B0G45FXJZT,148,8,5.4054%,1,8,210,3.9533%,25.30,5,6,62.5000%,2,4,70,140
"Mar 10, 2026","Mar 17, 2026",No Portfolio,USD,MN - SP - Phrase - Branded - Test w/o Collagen - March 2026,MN - SP - Phrase - Branded - Test w/o Collagen - March 2026,Amazon,United States,HBOTTLE-FBA,B0GKB943TS,9,0,0.0000%,,0,0,,,0,0,,0,0,0,0
"Mar 02, 2026","Mar 13, 2026",No Portfolio,USD,MN - SP - Phrase - Branded - Test w/o Collagen - March 2026,MN - SP - Phrase - Branded - Test w/o Collagen - March 2026,Amazon,United States,Stick Sampler CRW,B0GGBPZFY1,110,1,0.9091%,1,1,0,,0.00,0,0,0.0000%,0,0,0,0
"Mar 02, 2026","Mar 19, 2026",No Portfolio,USD,MN - SP - Phrase - Branded - Test w/o Collagen - March 2026,MN - SP - Phrase - Branded - Test w/o Collagen - March 2026,Amazon,United States,Watermelon Salt Stick Packs - FBA,B0G45FXJZT,634,17,2.6814%,1,19,350,5.3133%,18.82,5,10,29.4118%,4,6,140,210
"Mar 02, 2026","Mar 19, 2026",No Portfolio,USD,MN - SP - Phrase - Branded - Test w/o Collagen - March 2026,MN - SP - Phrase - Branded - Test w/o Collagen - March 2026,Amazon,United States,Raspberry Salt Stick Packs - FBA,B0G45G1HDF,261,6,2.2989%,1,7,70,10.0715%,9.93,2,2,33.3333%,0,2,0,70
"Mar 02, 2026","Mar 19, 2026",No Portfolio,USD,MN - SP - Phrase - Branded - Test w/o Collagen - March 2026,MN - SP - Phrase - Branded - Test w/o Collagen - March 2026,Amazon,United States,Citrus Salt Stick Packs - FBA,B0G45CG9DD,291,10,3.4364%,1,9,300,2.9110%,34.35,4,9,40.0000%,6,3,210,90
"Mar 02, 2026","Mar 05, 2026",No Portfolio,USD,MN - SP - Phrase - Branded - Test w/o Collagen - March 2026,MN - SP - Phrase - Branded - Test w/o Collagen - March 2026,Amazon,United States,HVPK,B0DJ3J2CKX,572,4,0.6993%,2,7,30,21.9398%,4.56,2,2,50.0000%,1,1,10,20
"Mar 02, 2026","Mar 05, 2026",No Portfolio,USD,MN - SP - Phrase - Branded - Test w/o Collagen - March 2026,MN - SP - Phrase - Branded - Test w/o Collagen - March 2026,Amazon,United States,HVBX - FBA,B0DY6K7RQH,288,3,1.0417%,1,4,0,,0.00,0,0,0.0000%,0,0,0,0
"Mar 05, 2026","Mar 17, 2026",No Portfolio,USD,MN - SP - Phrase - Branded - Test w/o Collagen - March 2026,MN - SP - Phrase - Branded - Test w/o Collagen - March 2026,Amazon,United States,Raspberry Salt Jar - FBA,B0D6L2RZNH,7,0,0.0000%,,0,0,,,0,0,,0,0,0,0
"Mar 05, 2026","Mar 16, 2026",No Portfolio,USD,MN - SP - Phrase - Branded - Test w/o Collagen - March 2026,MN - SP - Phrase - Branded - Test w/o Collagen - March 2026,Amazon,United States,Pineapple Salt Jar - FBA,B0D6L3BFJ8,4,0,0.0000%,,0,0,,,0,0,,0,0,0,0
"Mar 05, 2026","Mar 17, 2026",No Portfolio,USD,MN - SP - Phrase - Branded - Test w/o Collagen - March 2026,MN - SP - Phrase - Branded - Test w/o Collagen - March 2026,Amazon,United States,Watermelon Salt Jar - FBA,B0D6L2FPYW,10,0,0.0000%,,0,0,,,0,0,,0,0,0,0
"Mar 16, 2026","Mar 18, 2026",Stick Packs,USD,AUTO TEST MARCH 17 26,STICK PACKS,Amazon,United States,Watermelon Salt Stick Packs - FBA,B0G45FXJZT,19627,39,0.1987%,6,241,35,688.8126%,0.15,1,1,2.5641%,0,1,0,35
"Mar 16, 2026","Mar 18, 2026",Stick Packs,USD,AUTO TEST MARCH 17 26,STICK PACKS,Amazon,United States,Citrus Salt Stick Packs - FBA,B0G45CG9DD,16146,21,0.1301%,6,124,70,177.7969%,0.56,2,2,9.5238%,1,1,35,35
"Mar 16, 2026","Mar 18, 2026",Stick Packs,USD,AUTO TEST MARCH 17 26,STICK PACKS,Amazon,United States,Raspberry Salt Stick Packs - FBA,B0G45G1HDF,5498,10,0.1819%,6,55,35,157.5966%,0.63,1,1,10.0000%,0,1,0,35
"Mar 18, 2026","Mar 19, 2026",No Portfolio,USD,PERPETUA - STICKS - Perpetua - SP - Auto - tzm4t6x8,Ad Group 1,Amazon,United States,Pineapple Salt Jar - FBA,B0D6L3BFJ8,225,2,0.8889%,1,2,0,,0.00,0,0,0.0000%,0,0,0,0
"Mar 19, 2026","Mar 19, 2026",No Portfolio,USD,PERPETUA - STICKS - Perpetua - SP - Manual - tzm4t6x8,Ad Group EXACT Match,Amazon,United States,Pineapple Salt Jar - FBA,B0D6L3BFJ8,8,0,0.0000%,,0,0,,,0,0,,0,0,0,0
"Mar 19, 2026","Mar 19, 2026",No Portfolio,USD,PERPETUA - STICKS - Perpetua - SP - Manual - tzm4t6x8,Ad Group PHRASE Match,Amazon,United States,Pineapple Salt Jar - FBA,B0D6L3BFJ8,3,0,0.0000%,,0,0,,,0,0,,0,0,0,0
"Mar 19, 2026","Mar 19, 2026",No Portfolio,USD,PERPETUA - STICKS - Perpetua - SP - Competitor Manual - tzm4t6x8,Ad Group BROAD Match,Amazon,United States,Pineapple Salt Jar - FBA,B0D6L3BFJ8,0,0,,,0,0,,,0,0,,0,0,0,0
"Mar 19, 2026","Mar 19, 2026",No Portfolio,USD,PERPETUA - STICKS - Perpetua - SP - PAT - tzm4t6x8,Ad Group 1,Amazon,United States,Pineapple Salt Jar - FBA,B0D6L3BFJ8,269,0,0.0000%,,0,0,,,0,0,,0,0,0,0
"Mar 18, 2026","Mar 19, 2026",No Portfolio,USD,PERPETUA - STICKS - Perpetua - SP - Branded Manual - tzm4t6x8,Ad Group BROAD Match,Amazon,United States,Pineapple Salt Jar - FBA,B0D6L3BFJ8,27,1,3.7037%,1,1,0,,0.00,0,0,0.0000%,0,0,0,0
"Mar 19, 2026","Mar 19, 2026",No Portfolio,USD,PERPETUA - STICKS - Perpetua - SP - Branded Manual - tzm4t6x8,Ad Group EXACT Match,Amazon,United States,Pineapple Salt Jar - FBA,B0D6L3BFJ8,4,0,0.0000%,,0,0,,,0,0,,0,0,0,0
"Mar 18, 2026","Mar 19, 2026",No Portfolio,USD,PERPETUA - STICKS - Perpetua - SP - Branded Manual - tzm4t6x8,Ad Group PHRASE Match,Amazon,United States,Pineapple Salt Jar - FBA,B0D6L3BFJ8,5,0,0.0000%,,0,0,,,0,0,,0,0,0,0
"Mar 18, 2026","Mar 19, 2026",No Portfolio,USD,PERPETUA - STICKS - Perpetua - SP - Auto - tzm4t6x8,Ad Group 1,Amazon,United States,Citrus Salt Jar - FBA,B0D6L13DBT,309,0,0.0000%,,0,0,,,0,0,,0,0,0,0
"Mar 18, 2026","Mar 19, 2026",No Portfolio,USD,PERPETUA - STICKS - Perpetua - SP - Auto - tzm4t6x8,Ad Group 1,Amazon,United States,Watermelon Salt Jar - FBA,B0D6L2FPYW,66,0,0.0000%,,0,0,,,0,0,,0,0,0,0
"Mar 18, 2026","Mar 19, 2026",No Portfolio,USD,PERPETUA - STICKS - Perpetua - SP - Auto - tzm4t6x8,Ad Group 1,Amazon,United States,Raspberry Salt Jar - FBA,B0D6L2RZNH,238,1,0.4202%,1,1,0,,0.00,0,0,0.0000%,0,0,0,0
"Mar 19, 2026","Mar 19, 2026",No Portfolio,USD,PERPETUA - STICKS - Perpetua - SP - Manual - tzm4t6x8,Ad Group EXACT Match,Amazon,United States,Citrus Salt Jar - FBA,B0D6L13DBT,6,0,0.0000%,,0,0,,,0,0,,0,0,0,0
"Mar 19, 2026","Mar 19, 2026",No Portfolio,USD,PERPETUA - STICKS - Perpetua - SP - Manual - tzm4t6x8,Ad Group EXACT Match,Amazon,United States,Watermelon Salt Jar - FBA,B0D6L2FPYW,1,0,0.0000%,,0,0,,,0,0,,0,0,0,0
"Mar 19, 2026","Mar 19, 2026",No Portfolio,USD,PERPETUA - STICKS - Perpetua - SP - Manual - tzm4t6x8,Ad Group EXACT Match,Amazon,United States,Raspberry Salt Jar - FBA,B0D6L2RZNH,4,0,0.0000%,,0,0,,,0,0,,0,0,0,0
"Mar 19, 2026","Mar 19, 2026",No Portfolio,USD,PERPETUA - STICKS - Perpetua - SP - Manual - tzm4t6x8,Ad Group PHRASE Match,Amazon,United States,Citrus Salt Jar - FBA,B0D6L13DBT,9,0,0.0000%,,0,0,,,0,0,,0,0,0,0
"Mar 19, 2026","Mar 19, 2026",No Portfolio,USD,PERPETUA - STICKS - Perpetua - SP - Manual - tzm4t6x8,Ad Group PHRASE Match,Amazon,United States,Watermelon Salt Jar - FBA,B0D6L2FPYW,4,0,0.0000%,,0,0,,,0,0,,0,0,0,0
"Mar 19, 2026","Mar 19, 2026",No Portfolio,USD,PERPETUA - STICKS - Perpetua - SP - Manual - tzm4t6x8,Ad Group PHRASE Match,Amazon,United States,Raspberry Salt Jar - FBA,B0D6L2RZNH,2,0,0.0000%,,0,0,,,0,0,,0,0,0,0
"Mar 19, 2026","Mar 19, 2026",No Portfolio,USD,PERPETUA - STICKS - Perpetua - SP - Competitor Manual - tzm4t6x8,Ad Group BROAD Match,Amazon,United States,Citrus Salt Jar - FBA,B0D6L13DBT,0,0,,,0,0,,,0,0,,0,0,0,0
"Mar 18, 2026","Mar 18, 2026",No Portfolio,USD,PERPETUA - STICKS - Perpetua - SP - Competitor Manual - tzm4t6x8,Ad Group BROAD Match,Amazon,United States,Watermelon Salt Jar - FBA,B0D6L2FPYW,1,0,0.0000%,,0,0,,,0,0,,0,0,0,0
"Mar 19, 2026","Mar 19, 2026",No Portfolio,USD,PERPETUA - STICKS - Perpetua - SP - Competitor Manual - tzm4t6x8,Ad Group BROAD Match,Amazon,United States,Raspberry Salt Jar - FBA,B0D6L2RZNH,1,0,0.0000%,,0,0,,,0,0,,0,0,0,0
"Mar 18, 2026","Mar 19, 2026",No Portfolio,USD,PERPETUA - STICKS - Perpetua - SP - Competitor Manual - tzm4t6x8,Ad Group PHRASE Match,Amazon,United States,Citrus Salt Jar - FBA,B0D6L13DBT,3,0,0.0000%,,0,0,,,0,0,,0,0,0,0
"Mar 19, 2026","Mar 19, 2026",No Portfolio,USD,PERPETUA - STICKS - Perpetua - SP - PAT - tzm4t6x8,Ad Group 1,Amazon,United States,Citrus Salt Jar - FBA,B0D6L13DBT,171,0,0.0000%,,0,0,,,0,0,,0,0,0,0
"Mar 19, 2026","Mar 19, 2026",No Portfolio,USD,PERPETUA - STICKS - Perpetua - SP - PAT - tzm4t6x8,Ad Group 1,Amazon,United States,Watermelon Salt Jar - FBA,B0D6L2FPYW,112,0,0.0000%,,0,0,,,0,0,,0,0,0,0
"Mar 19, 2026","Mar 19, 2026",No Portfolio,USD,PERPETUA - STICKS - Perpetua - SP - PAT - tzm4t6x8,Ad Group 1,Amazon,United States,Raspberry Salt Jar - FBA,B0D6L2RZNH,308,0,0.0000%,,0,0,,,0,0,,0,0,0,0
"Mar 18, 2026","Mar 19, 2026",No Portfolio,USD,PERPETUA - STICKS - Perpetua - SP - Branded Manual - tzm4t6x8,Ad Group BROAD Match,Amazon,United States,Citrus Salt Jar - FBA,B0D6L13DBT,30,5,16.6667%,1,3,0,,0.00,0,0,0.0000%,0,0,0,0
"Mar 18, 2026","Mar 19, 2026",No Portfolio,USD,PERPETUA - STICKS - Perpetua - SP - Branded Manual - tzm4t6x8,Ad Group BROAD Match,Amazon,United States,Watermelon Salt Jar - FBA,B0D6L2FPYW,11,1,9.0909%,0,0,0,,0.00,0,0,0.0000%,0,0,0,0
"Mar 18, 2026","Mar 19, 2026",No Portfolio,USD,PERPETUA - STICKS - Perpetua - SP - Branded Manual - tzm4t6x8,Ad Group BROAD Match,Amazon,United States,Raspberry Salt Jar - FBA,B0D6L2RZNH,27,2,7.4074%,1,2,0,,0.00,0,0,0.0000%,0,0,0,0
"Mar 18, 2026","Mar 19, 2026",No Portfolio,USD,PERPETUA - STICKS - Perpetua - SP - Branded Manual - tzm4t6x8,Ad Group EXACT Match,Amazon,United States,Citrus Salt Jar - FBA,B0D6L13DBT,14,0,0.0000%,,0,0,,,0,0,,0,0,0,0
"Mar 19, 2026","Mar 19, 2026",No Portfolio,USD,PERPETUA - STICKS - Perpetua - SP - Branded Manual - tzm4t6x8,Ad Group EXACT Match,Amazon,United States,Watermelon Salt Jar - FBA,B0D6L2FPYW,5,0,0.0000%,,0,0,,,0,0,,0,0,0,0
"Mar 18, 2026","Mar 19, 2026",No Portfolio,USD,PERPETUA - STICKS - Perpetua - SP - Branded Manual - tzm4t6x8,Ad Group EXACT Match,Amazon,United States,Raspberry Salt Jar - FBA,B0D6L2RZNH,8,0,0.0000%,,0,0,,,0,0,,0,0,0,0
"Mar 18, 2026","Mar 19, 2026",No Portfolio,USD,PERPETUA - STICKS - Perpetua - SP - Branded Manual - tzm4t6x8,Ad Group PHRASE Match,Amazon,United States,Citrus Salt Jar - FBA,B0D6L13DBT,10,0,0.0000%,,0,0,,,0,0,,0,0,0,0
"Mar 18, 2026","Mar 19, 2026",No Portfolio,USD,PERPETUA - STICKS - Perpetua - SP - Branded Manual - tzm4t6x8,Ad Group PHRASE Match,Amazon,United States,Watermelon Salt Jar - FBA,B0D6L2FPYW,6,1,16.6667%,1,1,0,,0.00,0,0,0.0000%,0,0,0,0
"Mar 18, 2026","Mar 19, 2026",No Portfolio,USD,PERPETUA - STICKS - Perpetua - SP - Branded Manual - tzm4t6x8,Ad Group PHRASE Match,Amazon,United States,Raspberry Salt Jar - FBA,B0D6L2RZNH,7,0,0.0000%,,0,0,,,0,0,,0,0,0,0
"Mar 18, 2026","Mar 19, 2026",No Portfolio,USD,PERPETUA TEST - Perpetua - SP - Auto - th07fl47,Ad Group 1,Amazon,United States,Citrus Salt Stick Packs - FBA,B0G45CG9DD,5019,2,0.0398%,2,3,0,,0.00,0,0,0.0000%,0,0,0,0
"Mar 18, 2026","Mar 19, 2026",No Portfolio,USD,PERPETUA TEST - Perpetua - SP - Branded Manual - th07fl47,Ad Group BROAD Match,Amazon,United States,Citrus Salt Stick Packs - FBA,B0G45CG9DD,3,0,0.0000%,,0,0,,,0,0,,0,0,0,0
"Mar 18, 2026","Mar 19, 2026",No Portfolio,USD,PERPETUA TEST - Perpetua - SP - Auto - th07fl47,Ad Group 1,Amazon,United States,atermelon Salt Stick Packs - FBA,B0G45FXJZT,47,1,2.1277%,1,1,0,,0.00,0,0,0.0000%,0,0,0,0
"Mar 18, 2026","Mar 19, 2026",No Portfolio,USD,PERPETUA TEST - Perpetua - SP - Auto - th07fl47,Ad Group 1,Amazon,United States,Watermelon Salt Stick Packs - FBA,B0G45FXJZT,67,1,1.4925%,2,2,0,,0.00,0,0,0.0000%,0,0,0,0
"Mar 18, 2026","Mar 19, 2026",No Portfolio,USD,PERPETUA TEST - Perpetua - SP - Branded Manual - th07fl47,Ad Group BROAD Match,Amazon,United States,Watermelon Salt Stick Packs - FBA,B0G45FXJZT,3,0,0.0000%,,0,0,,,0,0,,0,0,0,0
"Mar 18, 2026","Mar 19, 2026",No Portfolio,USD,PERPETUA TEST - Perpetua - SP - Auto - th07fl47,Ad Group 1,Amazon,United States,Raspberry Salt Stick Packs - FBA,B0G45G1HDF,243,4,1.6461%,1,5,35,15.1073%,6.62,1,1,25.0000%,1,0,35,0
"Mar 18, 2026","Mar 19, 2026",No Portfolio,USD,PERPETUA TEST - Perpetua - SP - Branded Manual - th07fl47,Ad Group BROAD Match,Amazon,United States,Raspberry Salt Stick Packs - FBA,B0G45G1HDF,7,1,14.2857%,0,0,0,,0.00,0,0,0.0000%,0,0,0,0
"Mar 18, 2026","Mar 19, 2026",No Portfolio,USD,PERPETUA TEST - Perpetua - SP - Manual - th07fl47,Ad Group PHRASE Match,Amazon,United States,Citrus Salt Stick Packs - FBA,B0G45CG9DD,393,1,0.2545%,4,4,0,,0.00,0,0,0.0000%,0,0,0,0
"Mar 18, 2026","Mar 19, 2026",No Portfolio,USD,PERPETUA TEST - Perpetua - SP - Manual - th07fl47,Ad Group PHRASE Match,Amazon,United States,Watermelon Salt Stick Packs - FBA,B0G45FXJZT,117,1,0.8547%,4,4,0,,0.00,0,0,0.0000%,0,0,0,0
"Mar 19, 2026","Mar 19, 2026",No Portfolio,USD,PERPETUA TEST - Perpetua - SP - Manual - th07fl47,Ad Group PHRASE Match,Amazon,United States,atermelon Salt Stick Packs - FBA,B0G45FXJZT,21,0,0.0000%,,0,0,,,0,0,,0,0,0,0
"Mar 18, 2026","Mar 19, 2026",No Portfolio,USD,PERPETUA TEST - Perpetua - SP - Manual - th07fl47,Ad Group PHRASE Match,Amazon,United States,Raspberry Salt Stick Packs - FBA,B0G45G1HDF,312,1,0.3205%,4,4,0,,0.00,0,0,0.0000%,0,0,0,0
"Mar 19, 2026","Mar 19, 2026",No Portfolio,USD,PERPETUA TEST - Perpetua - SP - Branded Pat - th07fl47,Ad Group 1,Amazon,United States,Watermelon Salt Stick Packs - FBA,B0G45FXJZT,1,0,0.0000%,,0,0,,,0,0,,0,0,0,0
"Mar 19, 2026","Mar 19, 2026",No Portfolio,USD,PERPETUA TEST - Perpetua - SP - Branded Pat - th07fl47,Ad Group 1,Amazon,United States,Raspberry Salt Stick Packs - FBA,B0G45G1HDF,1,0,0.0000%,,0,0,,,0,0,,0,0,0,0
"Mar 18, 2026","Mar 19, 2026",No Portfolio,USD,PERPETUA TEST - Perpetua - SP - Manual - th07fl47,Ad Group EXACT Match,Amazon,United States,Citrus Salt Stick Packs - FBA,B0G45CG9DD,170,0,0.0000%,,0,0,,,0,0,,0,0,0,0
"Mar 18, 2026","Mar 19, 2026",No Portfolio,USD,PERPETUA TEST - Perpetua - SP - Manual - th07fl47,Ad Group EXACT Match,Amazon,United States,Watermelon Salt Stick Packs - FBA,B0G45FXJZT,14,0,0.0000%,,0,0,,,0,0,,0,0,0,0
"Mar 19, 2026","Mar 19, 2026",No Portfolio,USD,PERPETUA TEST - Perpetua - SP - Manual - th07fl47,Ad Group EXACT Match,Amazon,United States,Raspberry Salt Stick Packs - FBA,B0G45G1HDF,78,0,0.0000%,,0,0,,,0,0,,0,0,0,0
"Mar 19, 2026","Mar 19, 2026",No Portfolio,USD,PERPETUA TEST - Perpetua - SP - Competitor Manual - th07fl47,Ad Group PHRASE Match,Amazon,United States,atermelon Salt Stick Packs - FBA,B0G45FXJZT,1,0,0.0000%,,0,0,,,0,0,,0,0,0,0
"Mar 19, 2026","Mar 19, 2026",No Portfolio,USD,PERPETUA TEST - Perpetua - SP - Competitor Manual - th07fl47,Ad Group PHRASE Match,Amazon,United States,Raspberry Salt Stick Packs - FBA,B0G45G1HDF,1,0,0.0000%,,0,0,,,0,0,,0,0,0,0
"Mar 18, 2026","Mar 19, 2026",No Portfolio,USD,PERPETUA TEST - Perpetua - SP - Manual - th07fl47,Ad Group BROAD Match,Amazon,United States,Citrus Salt Stick Packs - FBA,B0G45CG9DD,9,0,0.0000%,,0,0,,,0,0,,0,0,0,0
"Mar 18, 2026","Mar 19, 2026",No Portfolio,USD,PERPETUA TEST - Perpetua - SP - Manual - th07fl47,Ad Group BROAD Match,Amazon,United States,Watermelon Salt Stick Packs - FBA,B0G45FXJZT,9,0,0.0000%,,0,0,,,0,0,,0,0,0,0
"Mar 18, 2026","Mar 19, 2026",No Portfolio,USD,PERPETUA TEST - Perpetua - SP - Manual - th07fl47,Ad Group BROAD Match,Amazon,United States,Raspberry Salt Stick Packs - FBA,B0G45G1HDF,16,0,0.0000%,,0,0,,,0,0,,0,0,0,0
"Mar 18, 2026","Mar 19, 2026",No Portfolio,USD,PERPETUA TEST - Perpetua - SP - Branded Manual - th07fl47,Ad Group PHRASE Match,Amazon,United States,Citrus Salt Stick Packs - FBA,B0G45CG9DD,22,1,4.5455%,1,1,0,,0.00,0,0,0.0000%,0,0,0,0
"Mar 18, 2026","Mar 18, 2026",No Portfolio,USD,PERPETUA TEST - Perpetua - SP - Branded Manual - th07fl47,Ad Group PHRASE Match,Amazon,United States,Watermelon Salt Stick Packs - FBA,B0G45FXJZT,24,3,12.5000%,1,2,35,5.4936%,18.20,1,1,33.3333%,0,1,0,35
"Mar 18, 2026","Mar 19, 2026",No Portfolio,USD,PERPETUA TEST - Perpetua - SP - Branded Manual - th07fl47,Ad Group PHRASE Match,Amazon,United States,Raspberry Salt Stick Packs - FBA,B0G45G1HDF,36,0,0.0000%,,0,0,,,0,0,,0,0,0,0
"Mar 19, 2026","Mar 19, 2026",No Portfolio,USD,PERPETUA TEST - Perpetua - SP - Competitor Manual - th07fl47,Ad Group BROAD Match,Amazon,United States,Citrus Salt Stick Packs - FBA,B0G45CG9DD,1,0,0.0000%,,0,0,,,0,0,,0,0,0,0
"Mar 19, 2026","Mar 19, 2026",No Portfolio,USD,PERPETUA TEST - Perpetua - SP - Branded Manual - th07fl47,Ad Group EXACT Match,Amazon,United States,Citrus Salt Stick Packs - FBA,B0G45CG9DD,1,0,0.0000%,,0,0,,,0,0,,0,0,0,0
"Mar 19, 2026","Mar 19, 2026",No Portfolio,USD,PERPETUA TEST - Perpetua - SP - Branded Manual - th07fl47,Ad Group EXACT Match,Amazon,United States,Watermelon Salt Stick Packs - FBA,B0G45FXJZT,4,0,0.0000%,,0,0,,,0,0,,0,0,0,0
"Mar 18, 2026","Mar 19, 2026",No Portfolio,USD,PERPETUA TEST - Perpetua - SP - Branded Manual - th07fl47,Ad Group EXACT Match,Amazon,United States,Raspberry Salt Stick Packs - FBA,B0G45G1HDF,4,1,25.0000%,4,4,0,,0.00,0,0,0.0000%,0,0,0,0
"Mar 18, 2026","Mar 19, 2026",No Portfolio,USD,PERPETUA TEST - Perpetua - SP - PAT - th07fl47,Ad Group 1,Amazon,United States,Citrus Salt Stick Packs - FBA,B0G45CG9DD,88,0,0.0000%,,0,0,,,0,0,,0,0,0,0
"Mar 19, 2026","Mar 19, 2026",No Portfolio,USD,PERPETUA TEST - Perpetua - SP - PAT - th07fl47,Ad Group 1,Amazon,United States,atermelon Salt Stick Packs - FBA,B0G45FXJZT,9,0,0.0000%,,0,0,,,0,0,,0,0,0,0
"Mar 19, 2026","Mar 19, 2026",No Portfolio,USD,PERPETUA TEST - Perpetua - SP - PAT - th07fl47,Ad Group 1,Amazon,United States,Watermelon Salt Stick Packs - FBA,B0G45FXJZT,160,1,0.6250%,2,2,45,3.4483%,29.00,1,1,100.0000%,0,1,0,45
"Mar 19, 2026","Mar 19, 2026",No Portfolio,USD,PERPETUA TEST - Perpetua - SP - PAT - th07fl47,Ad Group 1,Amazon,United States,Raspberry Salt Stick Packs - FBA,B0G45G1HDF,82,0,0.0000%,,0,0,,,0,0,,0,0,0,0