"Active","Target","Target active status","Targeting type","Campaign","Type","Campaign active status","Ad group","Products","ROAS","Conversion rate","CPC","Bid","Suggested bid","Impressions","Top-of-search IS","Clicks","Spend","CTR","Orders","Sales","ACOS"
"ENABLED","close-match","ENABLED","Automatic - Close match","NM - SP - Auto - HLP  Audience - Multi - Offense - Jars - July 2025","SP","enabled","NM - SP - Jars - Auto - HLP  Audience - Multi - Offense - July 2025","3","0.8727871680752115","10.736196319018406","4.90723","1.36","3.47","42808","0.20379495492519098","326","1599.76","0.7615398990842833","35","1396.25","114.57547000895252"
"ENABLED","loose-match","ENABLED","Automatic - Loose match","NM - SP - Auto - HLP  Audience - Multi - Offense - Jars - July 2025","SP","enabled","NM - SP - Jars - Auto - HLP  Audience - Multi - Offense - July 2025","3","0.9691529852865993","8.695652173913043","3.82673","1.26","3.8","12613","0.6171739554267913","230","880.14999","1.8235154205977961","20","853","103.18288393903865"
"ENABLED","harlo electrolytes","ENABLED","Keyword - exact","NM - SP - MMT - Branded - MDF - Multi - Jars","SP","enabled","NM - SP - Jars - MMT - Branded - Up Down","6","6.203343701399683","34.71698113207547","2.32935","3.2","2.91","9690","54.625","265","617.28","2.7347781217750256","92","3829.19999","16.120338451895975"
"ENABLED","+harlo","ENABLED","Keyword - broad","NM  - SP - 12 Pack - MMT - MDF - Branded - May 2025 - B0DY6K7RQH","SP","enabled","NM  - SP - 12 Pack - MMT - Branded - Apr 2025 - B0DY6K7RQH","1","5.354824609332315","37.45819397993311","1.53026","2.26","4.22","11247","34.23130515559684","299","457.55","2.658486707566462","112","2450.1","18.67474796947063"
"ENABLED","close-match","ENABLED","Automatic - Close match","NM - SP - Auto - All Products Test w/o Collagen - March 2026","SP","enabled","NM - SP - Auto - All Products Test w/o Collagen - March 2026","11","3.7800246485072577","16.176470588235293","1.94897","2.41","2.82","64039","0.006772837755722099","204","397.59","0.3185558800106185","33","1502.9","26.454853949031857"
"ENABLED","substitutes","ENABLED","Automatic - Substitutes","AUTO TEST MARCH 17 26","SP","paused","STICK PACKS","3","0.2940681531342028","5.454545454545454","6.48272","1.83","1.32","40023","0.011019022459278435","55","356.55","0.13742098293481247","3","104.85","340.0572246065808"
"ENABLED","+harlo","ENABLED","Keyword - broad","NM - SP - MMT - Branded - MDF - Multi - Jars","SP","enabled","NM - SP - Jars - MMT - Branded - Up Down","6","9.596124055515162","36.5","1.58154","3.25","4.22","6972","41.87116564417178","200","316.30999","2.8686173264486516","73","3035.35","10.420874034295876"
"ENABLED","loose-match","ENABLED","Automatic - Loose match","NM - SP - Auto - All Products Test w/o Collagen - March 2026","SP","enabled","NM - SP - Auto - All Products Test w/o Collagen - March 2026","11","0.554012223192317","5.405405405405405","1.70256","0.87","3.37","82477","0.010057324148856715","148","251.97999","0.17944396619663663","8","139.6","180.5014326647564"
"ENABLED","substitutes","ENABLED","Automatic - Substitutes","NM - SP - Auto - CAC  Audience - Multi - Offense - Jars - July 2025","SP","enabled","NM - SP - Jars - Auto - CAC  Audience - Multi - Offense - July 2025","3","1.4592394052796605","13.846153846153847","3.04215","1.14","3.42","33644","0.04996186992056355","65","197.73999","0.19319938176197837","9","288.55","68.52885115231328"
"ENABLED","electrolyte creatine","ENABLED","Keyword - exact","NM - SP - Citrus Salt - Exact - MDF - Offense - Harvest - Jars - Oct 2024","SP","paused","NM - Jars - Citrus Salt - Exact - Harvest - Oct 2024","1","0.9242219215155613","16.666666666666664","6.15833","2.51","2.44","1105","19.00739176346357","30","184.75","2.7149321266968327","5","170.75","108.19912152269401"
"ENABLED","loose-match","ENABLED","Automatic - Loose match","NM - SP - Auto - PBP  Audience - Multi - Offense - Jars - July 2025","SP","enabled","NM - SP - Jars - Auto - PBP  Audience - Multi - Offense - July 2025","3","1.0573634859349146","9.523809523809524","2.87777","0.81","3.8","48568","0.08921499110756115","63","181.3","0.12971503870861473","6","191.7","94.57485654668753"
"ENABLED","electrolyte drink mix","ENABLED","Keyword - phrase","NM - SP - Phrase - All Products Test w/o Collagen - March 2026","SP","paused","NM - SP - Phrase - All Products Test w/o Collagen - March 2026","11","0.20455343556127828","2.4390243902439024","4.16731","2.11","8.06","18363","0.6063140288521849","41","170.86","0.2232750639873659","1","34.95","488.8698140200285"
"ENABLED","electrolyte packets","ENABLED","Keyword - exact","NM  - SP - GPT - 12 Pack - Exact - B0DY6K7RQH - Jan 2026","SP","paused","NM  - SP - GPT - 12 Pack - Exact - B0DY6K7RQH - Jan 2026","1","0.32509328358208955","5.357142857142857","1.91428","0.68","7.08","8477","0.015768310951091956","56","107.19999","0.6606110652353426","3","34.84999","307.6040172166428"
"ENABLED","energy drink powder","ENABLED","Keyword - phrase","NM - SP - Phrase - All Products Test w/o Collagen - March 2026","SP","paused","NM - SP - Phrase - All Products Test w/o Collagen - March 2026","11","0.2262931034482759","4","3.52639","1.85","7.06","8573","0.2294317978132282","25","88.15999","0.29161320424588827","1","19.95","441.90476190476187"
"ENABLED","asin=""B0F257BKKB""","ENABLED","Product target - Exact","NM - SP - STR - PT 5 - Jars - Jan 2026","SP","paused","NM - SP - STR - PT 5 - Jars - Jan 2026","4","0.5505114354671878","11.11111111111111","4.83388","1.66","1.92","401","0.14347497204499113","18","87.01","4.488778054862843","2","47.9","181.6492693110647"
"ENABLED","electrolytes powder with","ENABLED","Keyword - phrase","NM - SP - Phrase 3 - MDF - Jars - Sep 2025","SP","paused","NM - SP - Jars - Phrase 3 - Sep 2025","4","0.5414357986027465","5.88235294117647","4.88352","1.39","10","8947","0.5150406807494216","17","83.01999","0.19000782385157036","1","44.95","184.69410456062286"
"ENABLED","+electrolytes +creatine +powder","ENABLED","Keyword - broad","NM - SP - Citrus Salt - BMM - Offense - Jars - Aug 2024","SP","paused","NM - Jars - Auto - BMM","6","0.447447039652363","8.333333333333332","6.13666","2.12","7.14","110","25.245901639344265","12","73.63999","10.909090909090908","1","32.95","223.4901365705614"
"ENABLED","creatine and collagen","ENABLED","Keyword - phrase","NM  - SP - 12 Pack - Phrase - MDF - B0DY6K7RQH - Sep 2025","SP","enabled","NM  - SP - 12 Pack - Phrase - B0DY6K7RQH - Sep 2025","1","3.299985809564353","27.27272727272727","2.13545","1.99","2.34","2756","2.504922336469044","33","70.47","1.197387518142235","9","232.54999","30.303160610621376"
"ENABLED","complements","ENABLED","Automatic - Complements","NM - SP - Auto - HLP  Audience - Multi - Offense - Jars - July 2025","SP","enabled","NM - SP - Jars - Auto - HLP  Audience - Multi - Offense - July 2025","3","0","0","2.34166","0.76","1.79","73682","0","30","70.25","0.0407155071795011","0","0",""
"ENABLED","creatine women","ENABLED","Keyword - phrase","NM - SP - Phrase - All Products Test w/o Collagen - March 2026","SP","paused","NM - SP - Phrase - All Products Test w/o Collagen - March 2026","11","0.8029837648091268","7.6923076923076925","2.62961","1.3","4.13","20104","0.016977232945198664","26","68.37","0.1293274970155193","2","54.9","124.53551912568305"
"ENABLED","creatine powder","ENABLED","Keyword - phrase","NM - SP - Phrase - All Products Test w/o Collagen - March 2026","SP","paused","NM - SP - Phrase - All Products Test w/o Collagen - March 2026","11","0.5180080035571366","3.8461538461538463","2.59499","1.32","7.77","5399","0.04879601145645486","26","67.47","0.48157066123356174","1","34.95","193.04721030042919"
"ENABLED","creatine and electrolytes","ENABLED","Keyword - phrase","NM - SP - STR - Phrase - Jars - Jan 2026","SP","enabled","NM - SP - STR - Phrase - Jars - Jan 2026","5","4.007442161462547","27.27272727272727","2.80954","2.42","9.18","2746","1.2685598962087357","22","61.81","0.8011653313911145","6","247.7","24.953572870407754"
"ENABLED","+electrolytes +powder +creatine","ENABLED","Keyword - broad","NM - SP - Citrus Salt - BMM - Offense - Jars - Aug 2024","SP","paused","NM - Jars - Auto - BMM","6","0.5341222240233426","9.090909090909092","5.60818","2.12","6.21","311","24.548736462093864","11","61.69","3.536977491961415","1","32.95","187.22306525037936"
"ENABLED","complements","ENABLED","Automatic - Complements","NM  - SP - 4 Pack - Auto - CAC  Audience - Offense - B0DJ3J2CKX - July 2025","SP","paused","NM  - SP - 4 Pack - Auto - CAC  Audience - Offense - B0DJ3J2CKX - July 2025","2","0.6789178152118427","2.898550724637681","0.85173","0.33","1.05","7076","0","69","58.77","0.975127190503109","2","39.9","147.2932330827068"
"ENABLED","harlo electrolytes","ENABLED","Keyword - phrase","NM - SP - STR - Phrase - Jars - Jan 2026","SP","enabled","NM - SP - STR - Phrase - Jars - Jan 2026","5","3.7173797266110413","28.57142857142857","2.68238","3.02","2.82","2698","3.5960214231063508","21","56.33","0.7783543365455894","6","209.4","26.90066857688635"
"ENABLED","harlo","ENABLED","Keyword - phrase","MN - SP - Phrase - Branded - Test w/o Collagen - March 2026","SP","enabled","MN - SP - Phrase - Branded - Test w/o Collagen - March 2026","12","17.488596971355587","36.734693877551024","1.11857","1.6","3.37","2334","22.126929674099486","49","54.81","2.0994001713796058","18","958.55","5.718011579990613"
"ENABLED","loose-match","ENABLED","Automatic - Loose match","NM - SP - Auto - CAC  Audience - Multi - Offense - Jars - July 2025","SP","enabled","NM - SP - Jars - Auto - CAC  Audience - Multi - Offense - July 2025","3","1.8399508800654936","11.76470588235294","2.87411","0.63","3.8","3003","0.03521581424831845","17","48.85999","0.5661005661005661","2","89.9","54.34927697441601"
"ENABLED","harlo electrolytes collagen","ENABLED","Keyword - phrase","NM  - SP - 4 Pack - Phrase 2 - MDF - B0DJ3J2CKX - Sep 2025","SP","enabled","NM  - SP - 4 Pack - Phrase 2 - B0DJ3J2CKX - Sep 2025","2","3.5771522498459","44.44444444444444","1.80259","1.84","4.45","3505","9.174311926605505","27","48.67","0.7703281027104136","12","174.1","27.955198161975886"
"ENABLED","electrolytes collagen","ENABLED","Keyword - phrase","NM - SP - STR - Phrase - Jars - Jan 2026","SP","enabled","NM - SP - STR - Phrase - Jars - Jan 2026","5","0","0","2.76266","1.27","6.2","1240","6.128221244500314","15","41.44","1.2096774193548387","0","0",""
"ENABLED","electrolytes with creatine","ENABLED","Keyword - exact","NM  - SP - GPT - 4 Pack - Exact - B0DJ3J2CKX - Jan 2026","SP","paused","NM  - SP - GPT - 4 Pack - Exact - B0DJ3J2CKX - Jan 2026","1","1.2055933484504915","18.75","2.48062","1.53","3.47","2663","4.274937133277452","16","39.69","0.6008261359369133","3","47.85","82.94670846394982"
"ENABLED","loose-match","ENABLED","Automatic - Loose match","AUTO TEST MARCH 17 26","SP","paused","STICK PACKS","3","0.8968437259430332","10","3.897","1.83","1.04","890","0.20121749318662285","10","38.97","1.1235955056179776","1","34.95","111.50214592274676"
"ENABLED","pre workout powder","ENABLED","Keyword - phrase","NM - SP - Phrase - All Products Test w/o Collagen - March 2026","SP","paused","NM - SP - Phrase - All Products Test w/o Collagen - March 2026","11","0","0","2.8723","1.44","8.79","9568","0.07538809483514625","13","37.33999","0.1358695652173913","0","0",""
"ENABLED","electrolyte powder packets","ENABLED","Keyword - exact","NM  - SP - GPT - 4 Pack - Exact - B0DJ3J2CKX - Jan 2026","SP","paused","NM  - SP - GPT - 4 Pack - Exact - B0DJ3J2CKX - Jan 2026","1","0.2772332679921591","5.555555555555555","0.99194","0.45","7.78","2166","0.009003460930381638","36","35.71","1.662049861495845","2","9.9","360.7070707070707"
"ENABLED","electrolyte supplement","ENABLED","Keyword - phrase","NM - SP - Phrase - All Products Test w/o Collagen - March 2026","SP","paused","NM - SP - Phrase - All Products Test w/o Collagen - March 2026","11","0","0","3.158","1.87","7.11","2542","0.9833841980332316","10","31.58","0.3933910306845004","0","0",""
"ENABLED","electrolytes with collagen","ENABLED","Keyword - phrase","NM  - SP - 4 Pack - Phrase 1 - B0DJ3J2CKX - Sep 2025","SP","enabled","NM  - SP - 4 Pack - Phrase 1 - B0DJ3J2CKX - Sep 2025","2","3.062015503875969","19.047619047619047","1.47428","1.02","4.06","1234","11.484863046612205","21","30.96","1.7017828200972445","4","94.8","32.65822784810126"
"ENABLED","creatine collagen electrolytes","ENABLED","Keyword - exact","NM - SP - Citrus Salt - Exact - MDF - Offense - Harvest - Jars - Oct 2024","SP","paused","NM - Jars - Citrus Salt - Exact - Harvest - Oct 2024","1","0.32957933090427294","16.666666666666664","5.03166","2.17","3.08","124","23.193916349809886","6","30.19","4.838709677419355","1","9.94999","303.4170854271357"
"ENABLED","asin=""B0DXFVM72V""","ENABLED","Product target - Exact","NM  - SP - STR - 12 Pack - PT 2 - B0DY6K7RQH - Jan 2026","SP","enabled","NM  - SP - STR - 12 Pack - PT 2 - B0DY6K7RQH - Jan 2026","1","3.5706984667802386","25","1.83437","1.24","2.32","625","8.286516853932584","16","29.35","2.56","4","104.8","28.00572519083969"
"ENABLED","electrolytes","ENABLED","Keyword - phrase","PERPETUA TEST - Perpetua - SP - Manual - th07fl47","SP","enabled","Ad Group PHRASE Match","8","0","0","3.92","3.92","10","1495","","7","27.44","0.46822742474916385","0","0",""
"ENABLED","electrolytes collagen creatine","ENABLED","Keyword - phrase","NM - SP - STR - Phrase - Jars - Jan 2026","SP","enabled","NM - SP - STR - Phrase - Jars - Jan 2026","5","1.7655145326001573","12.5","3.18249","2.02","3.86","1338","12.918660287081341","8","25.45999","0.5979073243647235","1","44.95","56.64071190211345"
"ENABLED","close-match","ENABLED","Automatic - Close match","AUTO TEST MARCH 17 26","SP","paused","STICK PACKS","3","0","0","4.916","1.83","1.59","358","0.053232048570647554","5","24.58","1.3966480446927374","0","0",""
"ENABLED","harlo electrolytes powder packets","ENABLED","Keyword - phrase","NM - SP - Phrase - Branded - Stick Packs - Multi - Jan 2026","SP","enabled","NM - SP - Phrase - Branded - Stick Packs - Multi - Jan 2026","3","13.4207240948814","66.66666666666666","2.0025","2.5","1.79","504","","12","24.02999","2.380952380952381","8","322.5","7.4511627906976745"
"ENABLED","electrolytes and creatine powder","ENABLED","Keyword - exact","NM - SP - Citrus Salt - Exact - MDF - Offense - Harvest - Jars - Oct 2024","SP","paused","NM - Jars - Citrus Salt - Exact - Harvest - Oct 2024","1","0","0","7.66666","2.17","3.45","7","30.434782608695656","3","23","42.857142857142854","0","0",""
"ENABLED","electrolyte powder packets","ENABLED","Keyword - exact","NM  - SP - GPT - 12 Pack - Exact - B0DY6K7RQH - Jan 2026","SP","paused","NM  - SP - GPT - 12 Pack - Exact - B0DY6K7RQH - Jan 2026","1","0","0","1.12529","0.52","7.87","695","0","17","19.13","2.446043165467626","0","0",""
"ENABLED","collagen creatine electrolytes","ENABLED","Keyword - phrase","NM  - SP - 12 Pack - Phrase - MDF - B0DY6K7RQH - Sep 2025","SP","enabled","NM  - SP - 12 Pack - Phrase - B0DY6K7RQH - Sep 2025","1","3.7180851063829796","33.33333333333333","3.13333","2.73","3.16","161","25","6","18.79999","3.7267080745341614","2","69.9","26.895565092989983"
"ENABLED","creatine electrolyte powder","ENABLED","Keyword - phrase","NM - SP - STR - Phrase - Jars - Jan 2026","SP","enabled","NM - SP - STR - Phrase - Jars - Jan 2026","5","1.1255656108597285","20","3.536","1.66","6.36","265","0.07902461052156243","5","17.68","1.8867924528301887","1","19.89999","88.84422110552764"
"ENABLED","harlo electrolytes creatine","ENABLED","Keyword - phrase","NM - SP - MMT - Branded - MDF - Multi - Jars","SP","enabled","NM - SP - Jars - MMT - Branded - Up Down","6","0","0","3.995","2.54","1.95","75","40","4","15.98","5.333333333333334","0","0",""
"ENABLED","creatine and electrolytes","ENABLED","Keyword - phrase","NM  - SP - 4 Pack - Phrase 3 - MDF - B0DJ3J2CKX - Sep 2025","SP","paused","NM  - SP - 4 Pack - Phrase 3 - B0DJ3J2CKX - Sep 2025","2","1.5678233438485802","27.27272727272727","1.4409","0.68","6.21","464","2.0301015050752538","11","15.85","2.3706896551724137","3","24.85","63.782696177062384"
"ENABLED","harlo raspberry","ENABLED","Keyword - phrase","NM - SP - MMT - Branded - MDF - Multi - Jars","SP","enabled","NM - SP - Jars - MMT - Branded - Up Down","6","0","0","3.915","3.42","10","204","0","4","15.66","1.9607843137254901","0","0",""
"ENABLED","substitutes","ENABLED","Automatic - Substitutes","NM  - SP - 4 Pack - Auto - CAC  Audience - Offense - B0DJ3J2CKX - July 2025","SP","paused","NM  - SP - 4 Pack - Auto - CAC  Audience - Offense - B0DJ3J2CKX - July 2025","2","1.5989684074790458","15.384615384615385","0.59653","0.29","2.16","7862","0.11740461494258567","26","15.51","0.3307046553039939","4","24.8","62.54032258064516"
"ENABLED","electrolytes collagen creatine","ENABLED","Keyword - phrase","NM  - SP - 12 Pack - Phrase - MDF - B0DY6K7RQH - Sep 2025","SP","enabled","NM  - SP - 12 Pack - Phrase - B0DY6K7RQH - Sep 2025","1","1.0374739764052738","14.285714285714285","2.05857","1.52","3.8","489","13.5678391959799","7","14.41","1.4314928425357873","1","14.95","96.38795986622075"